Start x,Start y,End x,End y,Start Move,End Move,Comboer Character,Comboee Character,Start %,End %,Frames Between Moves,Stage
33.556118,23.450098,30.605885,23.450098,17,21,1,2,5,18.06,31,8
7.847123,0.0001,5.3469486,0.0001,17,21,1,2,18.06,25.880001,26,8
-20.890598,0.0001,-29.955198,30.11886,16,15,1,2,43.83,71.83,42,8
2.2101557,48.190056,7.273929,42.0001,17,21,1,2,0,14.66,38,8
-29.179,23.450098,-12.178537,92.07611,16,15,1,2,76.85,98.85,60,8
7.266183,0.0001,15.287187,0.0001001358,13,21,1,2,0,16.46,19,8
4.17845,0.0001,-1.9218545,0.0001,17,21,1,2,16.46,31.049997,28,8
9.903629,2.1000998,7.8572245,-2.738207,3,4,2,1,17.92,28.92,12,8
10.382122,0.0001,12.882298,0.0001,17,21,1,2,58.239998,66.85,23,8
12.882298,0.0001,42.66441,-0.72165185,21,12,1,2,62.799995,81.85,31,8
46.916378,-1.6074786,32.979958,68.13663,16,16,1,2,81.85,99.4,71,8
16.467646,0.0001,20.317873,0.0001,17,21,1,2,11.400001,24.259998,23,8
29.563654,23.450098,21.90351,43.315758,16,15,1,2,34.719997,61.809998,40,8
11.797702,42.0001,25.88233,80.19801,16,14,1,2,61.809998,78.38,58,8
47.283134,23.450098,46.01255,23.450098,3,4,2,1,48.679996,59.679996,12,8
32.630844,26.410067,-30.733418,44.795776,13,18,1,2,106.88,121.88,59,8
-33.803753,23.450098,-31.753647,23.450098,17,21,1,2,124.61,136.67,30,8
47.014946,17.438515,11.972576,75.983315,20,16,1,2,129.72,148.37,65,2
4.93091,55.25098,23.197958,81.26749,55,15,1,2,151.37,173.08002,51,2
27.688293,11.559285,16.40214,4.091511,55,8,1,2,48.44,64.619995,44,2
16.40214,4.091511,7.289504,14.402432,8,15,1,2,55.619995,79.17,42,2
61.384735,8.444824,83.77263,75.461235,8,15,1,2,111.719986,134.99998,65,2
-15.27542,0.002875,-20.025648,0.002875,17,21,1,2,63.85,75.549995,33,2
53.64457,0.623875,83.70227,-9.690365,6,21,1,2,120.79,131.94,59,2
-24.00081,3.6828752,-28.52788,-2.0314715,3,4,2,1,2,13,12,2
-31.325043,0.002875,-59.422913,0.623875,21,16,1,2,27.96,45.16,29,2
-62.65211,10.24296,-69.899254,17.304892,8,15,1,2,45.16,69.16,37,2
-56.36246,0.623875,-56.54233,0.623875,17,21,1,2,69.16,84.51,35,2
-53.967358,0.623875,-34.312286,79.292244,16,14,1,2,84.51,103.86,67,2
-58.209694,7.4084153,-37.974003,68.448105,8,15,1,2,105.03,129.03,61,31
-32.639935,0.0001,-63.01758,0.0001,21,12,1,2,26.859999,46.409996,29,31
-63.566437,-4.838649,-70.99256,5.8649006,8,15,1,2,46.409996,69.63,37,31
-52.39375,27.2001,-47.343388,27.2001,17,21,1,2,83.28,101.85001,46,31
-12.899872,0.0001,-4.8092027,0.0001001358,13,21,1,2,0,17,20,31
11.671507,0.0001,14.771814,0.0001,17,21,1,2,44.1,59.079998,39,31
62.37883,1.6107821,58.453396,-3.2233112,2,3,2,1,0,5,12,31
2.78257,0.0001,5.882874,0.0001,17,21,1,2,0,13.43,33,3
35.01623,0.0001,65.0221,0.0001,21,12,1,2,13.43,32.28,30,3
77.93288,0.0001,25.561943,32.69813,8,15,1,2,66.28,91.149994,54,3
-40.37992,0.0001,18.20067,26.559036,8,14,1,2,67.130005,85.57001,63,3
36.838734,25.0001,31.658268,25.0001,17,21,1,2,5,28.979998,55,3
25.441559,0.0001,22.991285,0.0001,17,21,1,2,5.73,17.279999,33,32
-39.30206,0.0001,-69.679695,0.0001,21,12,1,2,21.829998,40.979996,29,32
-74.184654,4.3591657,-74.550964,11.291045,8,8,1,2,40.979996,58.169994,34,32
-85.5657,0,-41.68838,18.908941,8,15,1,2,58.169994,83.13,52,32
-61.53235,11.905044,-47.61174,14.835792,55,15,1,2,86.13,107.53999,47,32
4.988387,0.0001,14.240158,0.0001001358,13,21,1,2,4.15,20.1,20,32
49.84282,0.0001,53.693184,0.0001,17,21,1,2,33.1,51.269997,39,32
53.693184,0.0001,83.615524,0.0001,21,12,1,2,47.019997,66.27,34,32
39.42684,0.0001,8.604502,0.0001,21,21,1,2,84.689995,92.88999,32,32
82.90962,0.0001,47.36706,6.118656,16,14,1,2,42.9,62.9,57,32
13.057873,0.0089,44.480225,0.0089,21,21,1,2,62.300003,70.450005,34,28
44.480225,0.0089,76.80258,0.0089,21,21,1,2,66.55,74.05,32,28
27.46503,0.0089,57.68738,0.0089,21,21,1,2,21.119999,30.619999,34,28
33.267193,0.0089,29.483372,1.6680868,16,21,1,2,3,20.35,31,28
-3.060526,0.0089,-8.907625,-3.8175116,13,8,1,2,20.35,40.99,27,28
-8.907625,-3.8175116,-9.468438,2.197195,8,21,1,2,31.990002,45.440002,32,28
50.75975,0.0089,64.67959,39.223167,16,16,1,2,60.440002,77.32,58,28
64.67959,39.223167,47.302017,103.95478,16,15,1,2,72.92,96.85,71,28
18.21708,0.0089,25.64734,0.0089,17,21,1,2,0,15.190001,32,28
73.152725,0.0089,58.97597,9.819149,20,8,1,2,43.19,66.19,41,28
43.857014,30.2426,36.57681,30.2426,17,21,1,2,66.19,78.600006,31,28
14.929913,3.6889,13.4062,-3.2072155,2,3,2,1,0,5,12,28
-24.86031,0.0089,-55.382656,0.0089,21,21,1,2,97.67999,105.62999,33,28
-77.29883,0.0089,-44.982338,45.994637,20,15,1,2,117.62999,146.62999,64,28
-44.982338,45.994637,-219.7467,57.30239,15,18,1,2,131.62999,148.62999,79,28
74.20096,0.0089,104.70913,-8.099897,6,14,1,2,170.89001,182.89001,49,28
40.10405,25.0001,68.95266,16.291016,8,10,18,22,25,51,43,3
38.063473,25.0001,39.272884,54.666286,8,16,18,22,84.85,105.369995,66,3
78.33283,0.0001,79.40474,-1.729868,2,3,22,18,0,8,13,3
75.10448,1.6032479,99.54323,-13.671759,53,9,18,22,0,13.2,22,3
82.75888,19.770039,103.95651,-2.10731,55,0,18,22,20.2,24.2,35,3
66.073586,19.937738,87.24127,-2.10731,55,0,18,22,31.84,35.24,37,3
65.54074,20.338795,50.03658,20.359758,55,8,18,22,56.46,68.66,36,3
50.03658,20.359758,84.85091,18.503838,8,17,18,22,59.66,81.66,53,3
-95.18656,13.184629,-35.82439,26.31102,8,16,18,22,65.73,88.990005,62,3
-35.82439,26.31102,-56.47156,16.776316,16,16,18,22,76.770004,97.590004,58,3
-47.64007,21.010471,-71.72937,29.360577,55,14,18,22,97.590004,113.78001,49,3
49.847187,19.668127,71.063,-2.1073103,55,0,18,22,14.65,18.33,36,3
51.566113,20.168003,65.6444,17.420906,55,8,18,22,45.33,58.010002,34,3
39.714733,20.635628,59.886257,17.916916,55,16,18,22,74.96001,89.170006,45,3
50.498413,25.0001,50.498413,38.371197,16,16,18,22,99.170006,119.06,59,3
-3.2374954,0.0001,-4.987734,0.0001,17,21,1,2,6,19.46,29,32
-3.710332,0.0001,-17.555235,-0.771613,9,13,1,2,44.46,65.5,43,32
-2.762471,0.0001,-0.41223195,0.0001,17,21,1,2,0,13.46,30,32
-0.41223195,0.0001,29.510109,0.0001,21,21,1,2,8.46,18.01,34,32
54.037033,0.0001,52.76645,0.000099897385,3,4,2,1,2,13,12,32
76.185524,0.0001,72.40513,0.0001,17,21,1,2,46.659996,61.609993,43,32
41.58279,0.0001,11.06045,0.0001,21,21,1,2,61.609993,69.05999,32,32
11.06045,0.0001,-19.161896,0.0001,21,21,1,2,65.45999,72.45999,33,32
10.6029625,0.0001,-20.219381,0.0001,21,21,1,2,4.15,11.45,33,32
-20.219381,0.0001,-50.741726,0.0001,21,21,1,2,7.95,14.7,32,32
-50.741726,0.0001,-80.51936,0.0001,21,12,1,2,11.45,29.7,29,32
-72.44983,6.362236,-77.37525,8.734502,8,8,1,2,29.7,46.89,31,32
-65.91352,0.0001,-95.38204,-1.5724856,13,21,1,2,46.89,63.14,27,32
31.421495,0.0089,61.180565,0.0089,21,0,1,2,3,8,34,28
43.60361,30.2426,44.851624,30.2426,3,4,2,1,2,13,12,28
40.929207,0.0089,28.046852,0.0089,21,0,1,2,20.06,24.259998,15,28
9.893183,7.028899,5.6690288,0.008900166,2,3,2,1,18.55,23.3,12,28
25.224445,0.0089,41.754284,37.66537,16,15,1,2,58.460003,79.920006,57,28
24.979113,0.0089,54.96029,0.0089,21,16,1,2,5,22.55,27,28
57.80612,30.2426,65.233864,29.76098,16,14,1,2,22.55,44.89,53,28
1.4060383,0.0089,-2.5941358,0.0089,17,21,1,2,49.44,60.17,26,28
45.60346,0.0089,48.70376,0.0089,17,21,1,2,10,23.88,32,28
69.30989,9.269189,75.8906,7.0904493,8,8,1,2,38.879997,55.439995,37,28
76.673615,-0.5210556,90.14974,9.217606,21,21,1,2,95.78999,102.93999,12,28
45.909134,0.0089,45.909134,53.0835,9,15,1,2,102.93999,127.789986,68,28
-4.0267506,74.68604,17.078743,52.292694,55,0,18,22,52.420002,56.420002,48,31
5.153155,74.57741,-34.856773,52.292694,55,0,18,22,56.420002,60.06,45,31
-22.894005,74.62776,12.042615,65.67543,55,16,18,22,60.06,75.47,40,31
22.58267,47.654778,62.70075,42.93538,55,16,18,22,75.47,90.200005,43,31
-65.96103,0.0001,-91.9093,-3.0552318,17,2,18,22,122.54,138.54001,64,31
1.8347633,20.249273,17.194633,15.380344,55,8,18,22,50.620003,62.710003,37,31
33.716324,27.2001,70.71078,29.483488,14,14,18,22,66.19,88.29,42,31
42.62125,0.0001,45.99025,0.0001,17,0,18,22,15,28,36,31
33.627567,47.157738,54.79167,25.092693,55,0,18,22,32,35.64,39,31
31.86256,27.2001,68.82413,19.081242,8,15,18,22,48.96,67.96,49,31
51.853886,27.2001,52.236923,27.910715,16,16,18,22,71.36,94.76,49,31
51.517822,27.2001,62.563778,14.2748,16,8,18,22,94.76,110.51,37,31
-11.330179,54.4001,-12.051308,81.98094,16,14,18,22,110.51,133.52,59,31
28,23.450098,63.833805,21.532753,8,14,18,22,50.339996,68.079994,45,8
63.833805,21.532753,104.54177,-12.726527,14,14,18,22,58.079994,77.17999,39,8
43.046494,43.182632,64.25079,21.342688,55,0,18,22,18.02,21.7,34,8
5.440047,20.297003,21.36856,15.513065,55,8,18,22,53.059998,65.11,38,8
27.876797,0.0001,26.578535,8.179573,16,21,1,2,12,30,32,3
-7.888697,0.0001,-6.618112,0.000099897385,3,4,2,1,3.82,14.82,12,3
63.345947,0.0001,84.6087,15.347239,16,17,1,2,42,60.7,62,3
-69.57599,0.0001,-39.11404,44.16821,20,16,1,2,113.71,131.87,61,3
4.306659,0.0001,13.751068,0.0001,13,21,1,2,0,16.31,22,3
13.751068,0.0001,44.273415,0.0001,21,12,1,2,11.76,31.31,33,3
57.74776,0.0001,80.31936,0.0001001358,13,21,1,2,31.31,46.97,26,3
60.960705,4.610076,64.8117,0.0001,17,21,1,2,68.48999,84.23,32,3
-16.383427,10.650101,-15.046332,4.5313945,2,3,2,1,44.47,49.47,11,3
-15.046332,4.5313945,-13.709239,-1.587312,3,4,2,1,46.47,57.47,12,3
-13.455914,0.0001,-20.756207,0.0001,17,21,1,2,8.4,21.21,32,3
-50.97855,0.0001,-82.10089,0.0001,21,21,1,2,21.21,28.36,32,3
63.047653,12.004254,49.088924,36.522617,8,15,1,2,78.31,99.64,52,3
75.68943,0.0001,71.23916,0.0001,17,21,1,2,104.34,115.44,30,3
39.216824,0.0001,5.6944833,0.0001,21,21,1,2,115.44,123.49,33,3
-29.277382,0.0001,-21.18671,0.0001001358,13,21,1,2,0,16.15,20,3
41.957973,0.0001,72.480316,0.0001,21,21,1,2,20.05,27.25,32,3
55.40733,22.939854,106.02036,-12.0633545,14,14,18,22,31,61.920002,77,2
52.225937,0.26081595,55.175003,0.623875,17,8,18,22,19.349998,41.35,37,2
34.117,22.1251,74.928314,12.183388,8,10,18,22,53.699997,81.979996,52,2
9.902499,0.002875,7.619513,0.002875,17,0,18,22,0,12.610001,32,2
-25.218288,0.002875,-53.46732,0.5925972,21,16,1,2,5,14.549999,26,2
-47.852608,11.275206,-38.34807,-0.2593571,55,8,1,2,17.55,34.01,40,2
-47.743473,11.430347,-58.029903,-1.7106715,55,8,1,2,34.01,49.17,44,2
-7.280695,0.002875,15.033439,7.9013815,13,21,1,2,49.17,66.02,20,2
55.627354,0.623875,59.207516,0.623875,17,21,1,2,131.90001,143.39,30,2
55.10518,0.623875,51.68506,0.1162652,17,21,1,2,143.39,151.8,29,2
10.808098,0.002875,19.937653,0.002875,13,21,1,2,0,16.25,22,2
19.937653,0.002875,49.859997,0.002875,21,12,1,2,12,31.25,32,2
4.7615275,42.1201,16.427942,61.086666,16,15,1,2,43.25,74.48,63,2
-36.378128,0.002875,-62.551487,0.623875,21,21,1,2,21.8,30.25,34,2
-48.96245,0.002875,-55.945103,0.623875,17,21,1,2,30.25,45.39,32,2
-38.016594,22.844145,-26.744656,19.137577,55,8,1,2,48.39,64.67,42,2
-27.05173,19.8751,-40.818687,71.84197,16,15,1,2,64.67,92.67,53,2
-20.09507,38.35285,1.6094507,93.06743,8,15,1,2,106.47,129.12001,67,2
74.15979,19.722609,52.948208,-2.1073098,55,0,18,22,17,21,34,32
64.68443,19.636072,88.538086,0.3371513,55,8,18,22,21,33.64,34,32
74.10432,20.03683,60.972565,12.819672,55,8,18,22,37.64,49.489998,34,32
-5.6190495,0.0001,26.321096,-0.21501374,6,8,18,22,49.489998,69.32,43,32
26.321096,-0.21501374,2.8623042,10.789932,8,8,18,22,61.489998,76.52,44,32
2.8623042,10.789932,37.26844,23.007198,8,14,18,22,69.32,86.52,50,32
69.03487,20.38396,52.969025,20.48639,55,8,18,22,58.83,74.83,37,32
52.969025,20.48639,100.83011,24.938429,8,14,18,22,62.83,86.92,65,32
68.35927,1.7547531,92.97755,-13.086523,53,9,18,22,9.5,23.26,23,28
50.99319,1.5901345,45.732693,6.549716,5,5,22,18,8,13.549999,46,28
-31.266367,6.9838963,-27.661259,6.8463516,2,5,22,18,36.55,41.55,20,28
-25.117168,20.181963,-3.9915247,-2.0985098,55,0,18,22,45.75,49.75,41,28
-9.543846,71.96218,-31.220676,49.317993,55,0,18,22,68.18,71.66,50,28
-19.194185,71.819496,21.851542,57.122948,55,14,18,22,71.66,84.76,47,28
40.302948,21.156559,67.52095,26.905312,55,16,18,22,106.96,122.490005,55,28
-13.674355,57.98009,-16.844559,58.94567,16,8,1,22,0,22,26,31
-36.32452,37.177856,-29.23167,21.835287,8,0,1,22,45,52.56,44,31
-38.56658,44.314186,-49.76417,27.2001,55,11,1,22,52.56,76.2,47,31
-20.904404,0.0001,-17.752512,0.0001,13,21,1,22,0,13.19,22,31
14.753982,0.0001,13.957726,0.0001,2,3,22,1,4,12,13,31
9.122484,54.4001,18.61055,64.408134,16,16,1,22,33.38,51.210003,53,31
-24.642866,27.2001,-23.163912,28.010412,2,3,22,1,32.64,40.159996,8,31
-2.5204399,54.4001,2.140679,54.4001,17,21,1,22,101.1,118.539986,39,31
5.7970524,0.0001,1.1561304,0.0001,17,21,1,22,0,13.49,32,31
-45.37937,27.2001,-36.947113,40.64025,16,16,1,22,28.4,49.04,48,31
-36.947113,40.64025,-24.145546,65.61217,16,15,1,22,44.64,68.57,59,31
59.482582,0.0001,-133.1704,17.473112,15,18,1,22,120.52,137.22,69,31
29.491577,0.0001,32.572235,0.0001,17,21,1,22,39.71,51.47,30,31
63.399807,0.0001,64.299805,0.0001,17,21,1,22,51.47,60.28,46,31
-26.46952,27.2001,-26.46952,27.2001,16,8,18,22,56.19,78.04,45,31
-26.46952,27.2001,-41.424984,42.77198,8,16,18,22,68.54,89.61,64,31
-1.7252741,54.4001,8.967139,67.65105,16,11,18,22,93.45,119.5,55,31
8.967139,67.65105,14.234837,111.33017,11,16,18,22,104.5,130.16,75,31
42.032997,20.963287,66.75292,22.020237,55,17,18,22,94.81,111.81,52,31
-14.202213,0.0001,-14.202213,0.0001,16,0,18,22,10,22.48,27,31
-54.942722,27.2001,-65.192154,28.481554,8,16,18,22,36.69,62.17,52,31
-65.192154,28.481554,-67.886734,4.069005,16,17,18,22,49.69,75.04,50,31
-6.317931,42.0001,-15.365099,56.268734,16,16,1,22,31.83,51.320004,50,8
-15.365099,56.268734,-26.979826,92.47463,16,15,1,22,47.170002,75.3,51,8
10.992237,0.0001,6.6517763,0.0001,17,21,1,22,52.95,62.14,22,8
13.140492,6.229071,18.087437,0.0001,17,21,1,22,99.64,115.07,32,8
32.483944,28.700068,36.95484,21.310337,16,8,1,22,0,25.83,39,8
40.08927,0.0001,51.803246,-1.3188604,21,17,22,22,0,20,51,32
61.686306,23.850584,47.53074,9.251168,55,21,22,22,20,34.899998,48,32
47.53074,9.251168,53.06263,32.660934,21,17,22,22,27.46,46.059998,42,32
53.06263,32.660934,60.63745,0.0001,17,21,22,22,34.899998,53.019997,34,32
60.63745,0.0001,75.380295,18.198965,21,16,22,22,46.059998,59.019997,54,32
75.380295,18.198965,71.77657,23.771973,16,11,22,22,53.019997,80.119995,54,32
-38.527145,0.0001,-43.280354,0.0001,17,21,22,22,0,18.880001,25,32
-43.280354,0.0001,-56.1609,-2.619813,21,21,22,22,11.04,26.080002,55,32
57.90768,0.0001,52.59564,3.707477,21,21,22,22,0,15.2,48,32
52.59564,3.707477,59.459908,10.351183,21,17,22,22,7.92,27.2,48,32
59.459908,10.351183,62.58014,0.0001,17,21,22,22,15.2,34,30,32
48.38472,0.0001,53.26383,0.0001,17,21,22,22,28.559998,45.359997,28,32
47.506927,23.450098,59.594982,39.54713,16,21,1,22,45.699997,61.909996,53,8
-3.4397001,42.0001,6.087693,83.93737,16,21,1,22,61.909996,77.24,57,8
-25.225769,17.591043,-39.544727,17.986088,55,15,1,22,104.34,124.979996,45,8
-15.186194,16.911509,-24.635464,5.7241445,55,8,1,22,30.46,46.580006,36,8
37.94752,23.450098,52.21253,78.75882,16,15,1,22,58.880013,89.97001,56,8
43.39466,41.067272,27.956696,31.935005,55,11,1,22,107.97001,131.27002,51,8
38.134315,15.190097,44.227997,-1.0473992,15,21,1,22,0,19.25,26,8
-4.5278883,51.4254,-2.7210448,51.4254,17,21,22,22,0,20,24,28
5.830114,75.2766,20.519476,57.764576,55,21,22,22,20,34.82,49,28
20.519476,57.764576,13.637268,77.901924,21,16,22,22,27.46,40.82,45,28
3.2440999,51.4254,11.711235,51.014755,8,21,22,22,40.82,56.86,36,28
34.935413,38.056656,46.47357,44.057476,8,17,22,22,56.86,76.9,41,28
-8.215796,0.0089,-12.669013,0.0089,17,21,22,22,0,18.48,23,28
-12.669013,0.0089,-25.391209,-1.0175092,21,21,22,22,11.04,25.359999,54,28
20.870003,0.0089,22.923214,0.0089,17,21,22,22,0,18.48,26,28
50.350285,30.2426,35.60115,42.301266,21,8,22,22,40.4,56.760002,56,28
-43.074787,51.488888,-43.074787,102.71308,8,16,22,22,107.64,122.64,68,28
28.564377,0.0089,17.090506,8.805453,21,21,22,22,8,21.92,47,28
-1.0635555,42.7501,14.47757,37.77902,8,8,1,22,15,35.19,30,2
-26.113297,16.1251,-25.670225,77.536736,8,15,1,22,74.44,93.130005,64,2
-26.550955,8.10007,-20.464092,10.232173,16,15,1,22,14.809999,46.64,43,2
-13.569893,17.08834,-24.428358,4.926429,55,8,1,22,49.64,63.960003,40,2
-24.428358,4.926429,-32.63085,-5.3619366,8,0,1,22,54.960003,63.960003,49,2
3.6758142,36.180103,22.46008,104.015114,16,16,1,22,73.58001,90.64001,62,2
-1.8819474,0.002875,-3.7224739,0.002875,17,21,1,22,26.249998,33.379997,27,2
-53.048183,0.48057857,-63.700634,6.8625107,16,8,1,22,33.379997,59.21,57,2
-63.700634,6.8625107,-73.31929,7.307895,8,11,1,22,50.21,77.21,43,2
9.888499,0.002875,8.840564,0.00287503,2,3,22,1,12,19.68,8,2
10.335128,27.650105,-1.1957511,40.08912,21,8,22,22,12,29,46,8
-1.1957511,40.08912,-6.3229876,37.27713,8,21,22,22,20,36.36,28,8
-28,23.449999,-12.582807,54.264847,21,21,22,22,65.520004,78.16,52,8
3.0785828,42.0001,3.0785933,63.808357,8,21,22,22,78.16,92.97001,51,8
46.030445,31.512188,56.46879,34.755768,8,17,22,22,50.98,71.979996,40,8
5.485811,0.0001,8.1926565,0.0001,17,21,22,22,0,20,22,8
8.1926565,0.0001,19.349567,15.081005,21,21,22,22,12,27.279999,44,8
49.891167,-2.2272265,47.414616,-1.7112782,2,3,22,22,12,20,13,8
47.156696,23.450098,47.156696,27.82612,8,16,22,22,58.6,72.07,44,8
50.08708,23.450098,50.08708,45.28974,8,16,22,22,80.17,96.22,52,8
-18.664164,0.0001,-18.894163,0.0001,16,21,22,22,0,20.54,26,8
-44.441162,16.68248,-36.133507,1.3800759,55,8,1,22,5,21.46,34,32
-44.917934,16.851017,-44.917934,1.2474902,55,8,1,22,21.46,36.62,37,32
57.443993,17.212774,69.79063,0.5982816,55,16,1,22,63.079998,81.31999,45,32
69.79063,0.5982816,88.40448,54.085453,16,15,1,22,68.31999,96.31999,66,32
49.65824,16.90289,39.828217,-0.49734068,55,21,1,22,29.019999,40.079998,39,32
-40.50678,17.21094,-28.179844,-1.5499074,55,16,1,22,63.040005,80.72,46,32
-28.179844,-1.5499074,-11.1006155,56.0965,16,15,1,22,67.72,95.72,59,32
39.618507,17.553467,54.128666,14.548872,55,15,1,22,100.72,115.36,46,32
0.17626029,0.0001,-3.9286106,4.277976,16,8,1,22,4.7,30.529999,35,32
-3.9286106,4.277976,-1.791201,-2.0077996,8,21,1,22,21.529999,35.03,29,32
73.22128,16.957727,63.127457,1.6962368,55,8,1,22,35.03,50.679993,39,32
54.93731,0.0001,41.77177,25.312876,16,15,1,22,50.679993,77.87999,55,32
41.77177,25.312876,-3.779675,13.036768,15,15,1,22,63.02999,86.06999,53,32
50.01439,16.829172,59.244194,2.6858115,55,8,1,22,21.84,38.3,36,32
66.63197,17.229094,79.20276,-0.69671464,55,8,1,22,65.549995,78.18,46,32
54.740185,25.0001,51.69529,37.197994,16,8,22,22,69.05,87.75,52,3
51.69529,37.197994,70.46048,46.258286,8,16,22,22,78.75,96.85,60,3
48.398224,25.0001,74.92278,63.72237,8,14,22,22,105.13,120.689995,70,3
76.668625,0.0001,54.6861,49.879997,21,16,22,22,120.689995,133.97,66,3
1.4120476,0.0001,3.4943056,0.0001,17,8,22,22,22,42.16,31,3
-10.969999,0.0001,-3.1720285,-5.5839005,8,21,22,22,52.6,68.88,45,3
-3.1720285,-5.5839005,12.8356285,18.44875,21,17,22,22,60.879997,79.2,56,3
33.874508,24.391514,14.949612,23.508194,55,15,22,22,79.2,95.659996,49,3
-44.315815,24.53674,-64.94059,20.579964,55,15,22,22,95.659996,116.34,51,3
-31.016354,0.0001,-29.899458,0.0001,17,21,22,22,0,16.130001,21,3
-29.899458,0.0001,-17.61247,1.0329614,21,21,22,22,8.37,23.25,52,3
-17.61247,1.0329614,-6.509761,18.698177,21,16,22,22,16.130001,29.25,43,3
-32.644547,0.0001,-16.922867,18.211905,21,16,22,22,53.53,66.25,57,3
3.8522046,0.0001,-1.187603,0.0001,17,21,22,22,0,18.560001,23,3
-14.027769,0.0001,-17.074436,0.0001,18,21,22,22,18.560001,28.690002,10,3
-67.52595,0.0001,-84.34172,22.421392,21,21,22,22,65.399475,79.23947,59,3
-64.14734,11.181749,-62.40243,26.33063,8,16,22,22,79.23947,97.33947,58,3
-62.40243,26.33063,-60.27602,52.062176,16,15,22,22,88.23947,106.33947,64,3
81.411674,1.4370499,81.411674,72.25747,8,17,22,22,119.33947,139.88947,70,3
18.150003,54.4001,18.86841,55.266315,2,3,22,1,0,8,8,31
-10.16833,54.4001,-33.224052,71.77735,11,11,1,22,38.02,56.02,64,31
11.305625,0.0001,8.8651,0.0001,17,21,1,22,0,10.73,29,31
15.998745,72.19336,108.77904,42.9037,15,18,1,22,73.91,90.71001,54,31
7.047542,54.4001,1.7089553,61.550392,16,8,1,22,17.3,38.67,32,31
-4.452139,54.4001,-13.405383,84.760124,16,16,1,22,38.67,58.389996,43,31
16.660183,0.0001,13.7162485,0.0001001358,16,21,1,22,0,13.45,25,31
-43.51265,0.0001,-47.317665,8.221587,16,21,1,22,13.45,27.020002,24,31
-49.124966,27.2001,-40.300735,48.220463,16,15,1,22,36.510002,63.72,46,31
-23.03784,13.732159,-36.633064,17.911945,21,16,22,22,24.279999,36.6,55,2
50.420258,23.299997,32.97747,47.242065,8,16,22,22,90.64001,104.29001,62,2
17.83025,0.002875,38.8181,-4.636215,17,9,22,22,62.93,87.93,31,2
32.289192,19.8751,19.37968,20.630892,21,11,22,22,15.28,35.92,54,2
21.032518,18.825096,21.032518,20.963451,8,8,22,22,35.92,53.109997,32,2
21.032518,20.963451,21.032518,24.116419,8,11,22,22,44.92,66.13,35,2
21.032518,24.116419,31.727602,18.09168,11,8,22,22,53.109997,73.78,56,2
31.727602,18.09168,46.224434,23.38895,8,10,22,22,66.13,90.78,49,2
5.223515,0.002875,9.130361,0.002875,17,21,22,22,0,19.76,27,2
9.130361,0.002875,20.649532,12.330456,21,21,22,22,12,26.96,46,2
34.255993,12.671445,28.100595,12.671445,17,21,22,22,36.96,55.199997,28,2
53.895287,0.623875,35.95207,18.272156,21,17,22,22,70.2,85.119995,64,2
44.43465,30.2426,37.034794,39.25334,16,11,1,22,27.05,57.79,39,28
37.034794,39.25334,6.8403354,54.721565,11,15,1,22,39.79,66.25,67,28
-69.60084,0.0089,-63.660004,0.0089,17,21,1,22,91.81,104.31,46,28
23.2753,0.0089,22.577545,0.0089,2,3,22,1,0,8,10,28
36.266006,30.2426,56.71738,38.7623,8,8,1,22,30.279999,47.29,29,28
-30.638353,59.974922,-41.493107,81.48103,21,16,22,22,19.46,33.46,41,28
-58.351265,0.0089,-85.42835,-2.0372071,8,15,22,22,56.319996,74.049995,47,28
-34.906303,9.188902,-38.523766,-0.14303017,5,5,22,22,0,3.73,27,28
-81.62577,-12.296789,-86.84728,20.358406,8,15,22,22,85.049995,107.60999,50,28
15.770009,0.0089,11.263163,0.0089,17,21,22,22,0,20,24,28
11.263163,0.0089,-0.9516803,6.555347,21,21,22,22,12,27.279999,50,28
-21.409187,10.5847645,-17.39038,-0.82960725,8,21,22,22,33.92,48.879997,37,28
-17.39038,-0.82960725,-3.0953393,16.20861,21,16,22,22,42.559998,54.879997,53,28
-64.50282,-3.9578047,-80.54332,20.111523,8,17,22,22,77.46,98.01,47,28
25.69366,0.0089,31.567003,0.0089,17,21,22,22,0,19.24,27,28
61.035164,25.316456,81.64478,5.6408386,16,15,22,22,28.06,53.059998,39,28
48.21132,0.0089,32.16708,24.38966,21,16,22,22,61.609997,78.61,56,28
-5.7005296,0.0001,-17.377748,13.831397,21,17,22,22,15,34.04,46,31
-17.377748,13.831397,-22.326601,0.0001,17,21,22,22,23,41.4,27,31
-22.326601,0.0001,-34.899414,22.352455,21,16,22,22,34.04,47.4,46,31
-44.332836,27.2001,-57.64275,31.765347,21,17,22,22,22.84,40.6,54,31
-62.56818,0.0001,-71.610016,-8.130059,8,21,22,22,40.6,55.69,39,31
-2.6749814,54.4001,9.479766,60.374825,21,13,22,22,12,29.920002,50,31
63.268127,0.0001,82.150345,35.88247,21,17,22,22,90.95,110.38999,61,31
2.047583,0.0001,6.884606,0.0001,17,21,22,22,7,25.32,23,31
28.948656,27.2001,27.373913,43.892746,8,16,22,22,79.259995,98.259995,57,31
-5.4350233,0.0001,15.174992,52.32126,21,17,22,22,116.74,136.42,61,31
-64.81515,0.0001,-57.065495,2.1866531,16,16,1,22,22.15,41.87,48,3
-57.065495,2.1866531,-57.246487,22.973852,16,13,1,22,37.67,63.879997,50,3
-21.320967,0.0001,-11.081905,2.121689,2,3,1,22,116.36,124.36,20,3
-27.43816,25.0001,-24.957504,25.0001,17,21,1,22,43.58,55.780003,33,3
68.694336,17.187542,56.746,1.4621446,55,11,1,22,60.030003,83.670006,44,3
-3.8206122,0.0001,-8.161534,0.0001,17,21,1,22,4.65,17.45,30,3
36.4603,23.89993,48.462833,22.1251,55,21,22,22,25,40.46,49,2
23.099356,0.002875,12.711142,-3.361896,8,21,22,22,47.739998,63.539997,42,2
9.5329,53.67984,24.253094,66.996376,8,21,22,22,69.78,84.23,47,2
60.308502,0.623875,72.51475,7.088629,21,21,22,22,12,27.04,50,2
72.51475,7.088629,75.92091,31.846113,21,17,22,22,19.84,38.2,15,2
21.385048,0.002875,36.529728,16.776598,8,21,22,22,71.04,87.24,48,2
50.80695,10.959834,34.448666,40.472046,8,17,22,22,87.24,106.2,54,2
-30.822948,0.002875,-76.081635,5.3106713,17,10,22,22,106.2,133.16,44,2
28.78314,19.27507,17.43927,27.43483,21,17,22,22,5.82,24.18,47,2
16.109316,0.002875,-10.436095,12.025014,21,15,22,22,24.18,46.38,49,2
-45.118557,14.133485,-29.97386,30.907248,8,11,22,22,71.899994,94.899994,48,2
14.600001,0.002875,16.706844,0.002875,17,21,22,22,0,20,23,2
16.706844,0.002875,29.079351,13.808129,21,21,22,22,12,27.279999,51,2
37.376972,18.048336,52.94919,28.638084,21,16,22,22,46.28,58.76,59,2
-44.71902,0.002875,-25.915707,44.43447,21,21,22,22,99.6,113.84,58,2
13.289191,54.4001,8.808469,54.4001,17,21,1,22,0,12.41,33,31
29.154924,44.030075,35.865475,27.2001,15,21,1,22,0,13.5,27,31
24.607716,27.2001,13.569909,47.286766,16,14,1,22,38.96,62.79,54,31
30.648994,27.2001,37.71011,27.2001,17,21,1,22,0,17.990002,43,31
6.541129,0.0001,-6.551557,14.898666,21,17,22,22,29,47.4,50,3
-6.551557,14.898666,-1.9507556,0.0001,17,21,22,22,36.36,54.280003,24,3
-1.9507556,0.0001,13.686536,2.3318295,21,17,22,22,47.4,64.600006,64,3
-72.52095,0.0001,-71.29512,21.269545,17,8,22,22,86.16,105.36,27,3
-71.29512,21.269545,-81.13775,60.908764,8,8,22,22,96.36,105.36,61,3
17.319368,0.0001,5.71653,6.9237556,21,17,22,22,7,24.84,48,3
5.71653,6.9237556,1.1184614,0.0001,17,21,22,22,14.52,32.04,29,3
1.1184614,0.0001,-11.69735,12.264365,21,17,22,22,24.84,42.120003,50,3
-82.65623,2.7330399,-60.36069,37.445686,8,15,22,22,94.04,118.04,61,3
-37.901375,44.030075,-37.691376,22.037876,8,21,22,22,0,16.64,29,3
-37.691376,22.037876,-49.201244,31.176977,21,17,22,22,8.639999,28.039999,47,3
-49.201244,31.176977,-46.179153,25.0001,17,21,22,22,16.64,35.399998,29,3
-30.432007,25.0001,-16.343185,43.176292,21,17,22,22,41.399998,59.44,52,3
4.6234727,0.0001,24.267776,46.233128,21,15,22,22,105.07203,120.96203,60,3
24.695494,0.0001,29.48222,0.0001,17,21,22,22,0,19.24,23,3
25,25,34.189648,36.673748,8,8,22,22,50.939995,68.13,34,3
34.189648,36.673748,40.31094,48.1344,8,16,22,22,59.939995,76.329994,40,3
40.31094,48.1344,80.70069,52.534435,16,17,22,22,68.13,88.20999,47,3
29.85043,59.475357,40.55672,40.370678,16,8,1,22,23,48.83,60,28
40.55672,40.370678,35.17902,38.91544,8,11,1,22,39.83,66.83,36,28
-3.6283383,51.4254,-2.7781248,108.10513,8,15,1,22,71.48,97.19,62,28
68.796104,6.215893,60.164513,0.0089,17,21,1,22,128.68,140.68,46,28
-44.20446,0.0089,-56.27637,2.1628041,16,21,1,22,15.34,33.92,40,28
35.179855,16.994589,24.682457,-1.1947806,55,15,1,22,38.17,60.629997,41,28
-28.264349,17.221756,-16.010868,-3.5587325,55,21,1,22,63.629997,73.439995,47,28
5.582697,0.0089,13.363351,0.0089,17,21,1,22,78.37999,90.42999,32,28
-2.8938644,0.0089,-5.854787,0.0089,17,21,1,22,3.6,12.58,34,28
17.824293,0.0089,9.477138,12.476294,16,16,1,22,29.41,48.9,48,28
-45.171825,0.0089,-64.87083,31.7653,16,17,1,22,60.9,74.08,62,28
66.60852,15.697414,63.639595,12.30051,16,8,1,22,31.92,52.57,51,28
67.51221,0.0089,28.465649,37.261852,20,15,1,22,102.47,131.55,80,28
-77.2713,0.0089,-77.031105,0.0089,17,21,1,22,131.55,148.00002,49,28
14.11634,42.0001,26.153522,53.05622,21,17,22,22,15,34.04,48,8
30.46039,23.450098,15.88689,46.237686,21,21,22,22,49.04,63.440002,52,8
15.88689,46.237686,5.1602454,85.12493,21,16,22,22,56.56,69.020004,35,8
-20.186249,0.0001,-0.8172866,49.81349,21,21,22,22,108.96001,122.96001,58,8
-0.8172866,49.81349,20.79648,96.1847,21,20,22,22,116.240005,138.96,66,8
-7.961542,0.0001,-18.999416,4.6484427,21,17,22,22,0,17.119999,47,8
59.5,23.449999,72.61891,29.298105,21,17,22,22,21.279999,40.079998,53,8
32.418636,23.450098,38.418636,23.896034,8,16,22,22,54.079998,73.08,45,8
38.418636,23.896034,74.371574,31.606007,16,16,22,22,63.079998,73.08,43,8
67.142,0.0001,61.839336,-3.7312503,16,21,1,22,8,29.43,42,32
-80.68314,4.486923,-98.9163,-19.158913,8,21,1,22,56.33,69.630005,61,32
57.56146,0.0001,49.481052,10.589494,16,11,1,22,30.39,61.26,41,32
-32.309418,0.0001,-30.93347,0.3304832,2,3,22,1,25,33,8,32
-68.13763,16.882532,-59.707523,-5.3647118,55,0,1,22,27.46,34.26,40,32
-69.02169,16.94599,-77.44994,-5.3647118,55,0,1,22,34.26,40.48,41,32
-68.12303,16.998968,-59.707523,-5.3647118,55,0,1,22,40.48,46.200005,41,32
-69.03497,17.053652,-77.44994,-5.364712,55,0,1,22,46.200005,50.200005,40,32
-30.741428,17.116196,-41.751003,6.1794667,55,8,1,22,53.940006,66.48001,40,32
-41.751003,6.1794667,-53.03863,10.104034,8,16,1,22,57.480007,71.48001,47,32
-27.025972,16.727549,-35.94258,0.0001001358,55,8,1,22,10.92,28.36,39,32
16.364893,0.0001,27.321903,1.998249,16,21,1,22,33.36,54.739998,61,32
64.1742,11.150076,74.86079,9.356117,8,16,1,22,54.739998,75.020004,46,32
15.774575,0.0001,10.355999,0.0001,17,21,22,22,10.5,30.5,25,32
10.355999,0.0001,-1.8538626,15.799144,21,17,22,22,22.5,41.54,47,32
-1.8538626,15.799144,2.6382215,0.0001,17,21,22,22,30.5,48.9,28,32
2.6382215,0.0001,16.93556,17.060156,21,16,22,22,41.54,54.9,53,32
-69.92859,0.0001,-68.52433,16.64746,17,8,22,22,80.61,99.93,28,32
-68.52433,16.64746,-77.25844,45.92446,8,17,22,22,90.93,110.01,61,32
45.984127,0.0001,35.390713,9.719597,21,8,22,22,0,16.21,44,32
35.390713,9.719597,32.425266,-4.6765003,8,21,22,22,7.84,23.57,28,32
32.425266,-4.6765003,20.5474,7.9638047,21,8,22,22,16.21,31.4,47,32
20.5474,7.9638047,14.548289,-3.2473214,8,21,22,22,23.57,38.28,32,32
14.548289,-3.2473214,1.7489729,15.060031,21,8,22,22,31.4,45.75,48,32
1.7489729,15.060031,-2.8894696,6.3596697,8,8,22,22,38.28,52.68,38,32
-2.8894696,6.3596697,-1.8490183,8.65512,8,8,22,22,45.75,59.16,35,32
-1.8490183,8.65512,-8.505713,9.592727,8,8,22,22,52.68,65.28,40,32
-8.505713,9.592727,-11.570352,18.7078,8,8,22,22,59.16,71.04,40,32
76.8026,0.0001,59.75365,19.882622,8,15,22,22,80.04,101.16,51,32
-63.153168,0.0001,-76.54761,2.2695785,21,21,22,22,20.64,34.88,55,32
-19.905811,0.0001,-19.905811,7.026274,8,16,22,22,70.82,85.55,53,32
72.60406,0.0001,61.12196,11.974954,21,17,22,22,11.5199995,30.32,46,32
61.12196,11.974954,56.449627,0.0001,17,21,22,22,19.52,37.68,28,32
56.449627,0.0001,43.303284,15.40918,21,17,22,22,30.32,48,50,32
43.303284,15.40918,36.303543,0.0001,17,21,22,22,37.68,54.88,27,32
36.303543,0.0001,22.016912,23.15831,21,16,22,22,48,64.880005,51,32
22.016912,23.15831,-10.9935,16.583721,16,13,22,22,54.88,76.76,45,32
-4.1071014,0.0001,-8.7697315,0.0001001358,16,21,1,22,3,24.83,41,3
-79.01324,2.5457582,-94.10825,11.695092,8,15,1,22,71.649994,87.759995,56,3
-15.813717,0.0001,-12.4344,0.000099897385,16,21,1,22,0,17.47,28,3
66.51335,9.321976,38.657246,35.931725,8,21,1,22,80.78999,93.85999,55,3
-8.304727,0.0001,-7.783807,0.0001,17,21,1,22,0,15.89,34,3
72.07131,0.0001,79.16988,2.4671168,16,11,1,22,23,54,40,3
79.16988,2.4671168,107.410225,8.824577,11,21,1,22,36,59,67,3
15.195055,0.0001,19.249714,0.0001,17,21,22,22,17.73,36.65,29,32
19.249714,0.0001,33.306175,5.4683557,21,21,22,22,28.65,43.93,56,32
52.391815,7.4111667,70.35232,58.892487,8,15,22,22,110.240005,128.24,71,32
65.93415,0.0001,54.549316,1.7495171,21,17,22,22,0,18.44,49,32
54.549316,1.7495171,50.879665,0.0001,17,21,22,22,7.28,25.400002,27,32
50.879665,0.0001,39.106842,14.741047,21,17,22,22,18.44,36.08,46,32
39.106842,14.741047,33.904335,0.0001,17,21,22,22,25.400002,42.800003,29,32
33.904335,0.0001,20.857122,20.666079,21,16,22,22,36.08,48.800003,48,32
-49.600216,0.0001,-66.60605,-0.99137104,17,8,22,22,57.9,77.46,26,32
-70.23297,0.0001,-102.013466,-18.116947,17,21,22,22,77.46,94.82,42,32
-41.943058,0.0001,-27.91044,8.34152,21,17,22,22,31.36,49.28,55,32
-43.591522,0.0001,-61.957336,0.0001001358,17,8,22,22,58.28,77,28,32
-49.463226,0.0001,-20.199266,4.251767,17,8,22,22,86.96,104.119995,33,32
48.462425,0.0001,37.352554,5.3334723,21,17,22,22,0,18.68,47,32
36.44428,0.0001,35.68648,0.0001,17,8,22,22,18.68,37.19,29,32
35.68648,0.0001,35.68648,-5.9112167,8,21,22,22,28.64,44.71,32,32
35.68648,-5.9112167,49.40458,11.837783,21,17,22,22,37.19,55.03,51,32
58.46561,0.0001,43.003628,21.9409,21,16,22,22,55.03,68.07,55,32
0.8890731,24.400513,-24.1036,16.084534,55,15,22,22,77.17,93.63,50,32
-24.624865,0.0001,-19.001682,10.125251,17,15,22,22,102.63,129.63,49,32
7.727944,43.1696,13.108506,40.492264,8,11,1,22,30,56.19,30,2
21.459698,16.933176,11.777232,4.5365233,55,11,1,22,32.56,57.92,37,2
41.62305,22.1251,45.84391,22.1251,17,21,1,22,34.239998,49.219997,31,2
-2.5725555,0.0001001358,-13.586203,10.61784,21,17,22,22,5.73,25.73,45,31
-13.586203,10.61784,-18.389357,0.0001,17,21,22,22,13.73,33.09,29,31
-44.232365,36.45125,-39.62089,36.638443,8,8,22,22,39.81,57,35,31
-39.62089,36.638443,-47.226852,35.094692,8,16,22,22,48.81,63,40,31
-5.0731792,54.4001,-8.636148,82.17952,21,17,22,22,72.1,90.619995,14,31
-2.6714733,54.4001,-22.328222,89.321495,8,15,22,22,90.619995,113.63,53,31
-53.84742,0.0001,-49.869076,0.0001,17,21,22,22,2.76,21.8,27,31
34.151558,27.2001,41.07027,26.578539,8,21,22,22,33,47.91,31,31
6.3587933,0.0001,18.57364,6.5465465,21,17,22,22,12,31.04,50,31
14.359985,0.0001,0.63581663,11.606826,21,16,22,22,31.04,44.4,53,31
-44.252045,19.702942,-16.834797,3.511445,55,8,18,22,34.19,46.019997,36,8
-30.252087,23.450098,-63.647747,17.933979,8,10,18,22,46.019997,73.22,44,8
42.26123,1.4431174,62.658035,-16.354263,53,9,18,22,0,14,25,8
-6.2665696,20.125872,-20.646528,10.679018,55,8,18,22,42.1,55.1,37,3
-29.809408,25.0001,-29.809408,29.3008,16,16,18,22,83.12,104.31,53,3
-29.809408,29.3008,-29.809408,40.905643,16,10,18,22,94.17,118.31,56,3
-22.09063,0.0001,-26.563246,0.0001,17,0,18,22,19.220001,30.920002,35,3
-24.478935,19.926128,-11.449837,5.1025095,55,8,18,22,30.920002,43.600002,36,3
73.668625,0.0001,70.20306,0.0001,17,0,18,22,0,12.349999,34,3
44.90455,49.96761,12.224612,36.28506,8,8,18,22,29.609999,49.469997,47,3
71.530594,20.779463,94.10694,16.03018,55,16,18,22,83.759995,100.35999,50,3
56.72773,0.0001,76.23121,4.039716,17,14,18,22,100.35999,119.159996,48,3
-53.21238,17.350098,-60.305187,10.451102,8,8,18,22,30.23,47.18,42,3
-29.260338,25.0001,-29.260338,33.346825,16,16,18,22,69.01,89.68,41,3
-29.260338,33.346825,-29.260338,29.724173,16,15,18,22,79.8,99.68,54,3
24.784864,0.002875,28.465101,0.002875,17,21,22,22,12,30.92,22,2
68.25055,-8.984157,69.26943,-9.098331,8,8,22,22,38.2,55.39,35,2
40.660324,22.1251,82.842094,37.95309,16,14,22,22,66.31,90.409996,54,2
9.449831,0.002875,7.1566334,0.002875,17,21,22,22,24,43.52,28,2
48.77208,16.131714,48.77208,22.061071,8,14,22,22,58.34,75.44,43,2
13.570805,0.002875,16.20391,0.002875,17,21,22,22,0,18.68,25,2
16.20391,0.002875,27.81378,10.093368,21,21,22,22,10.68,25.96,47,2
27.81378,10.093368,20.490055,3.3891525,21,21,22,22,18.68,32.6,59,2
14.250916,42.7501,14.250916,40.676483,8,21,22,22,32.6,47.92,33,2
27.612202,19.8751,37.952747,28.522121,8,8,22,22,53.76,69.78,37,2
37.952747,28.522121,31.519157,40.403893,8,16,22,22,62.129997,75.78,41,2
-48.878067,19.692842,-48.878067,45.674614,8,13,22,22,84.88,101.17,53,2
0.14401197,42.7501,11.664904,48.8941,21,8,22,22,5.7,21.99,48,2
-60.082508,13.768768,-76.09149,28.28166,8,15,22,22,73.630005,97.00001,50,28
23.849373,0.0089,29.942913,0.0089,17,21,22,22,24.107359,40.20736,24,28
41.101757,15.892598,52.841568,48.919518,21,16,22,22,47.48736,60.127357,40,28
-40.987564,0.0089,-47.879864,0.0089,17,8,22,22,19.64,39.32,29,28
-47.879864,0.0089,-41.350327,-0.68226266,8,21,22,22,30.32,46.84,31,28
-41.350327,-0.68226266,-28.31447,22.975565,21,15,22,22,39.32,55.48,47,28
8.692039,51.4254,0.7528126,61.09663,8,21,22,22,65.479996,81.299995,46,28
-48.41662,30.142199,-123.09311,47.355026,15,18,22,22,89.759995,105.659996,60,28
28.958523,0.0089,26.005314,0.0089,17,21,22,22,0,18.8,24,28
55.17832,30.2426,57.16427,30.2426,17,8,22,22,18.8,38.12,25,28
-16.152468,0.0001,-18.461601,0.0001,17,0,18,22,0,13,35,8
44.86264,23.450098,44.86264,28.720028,16,16,18,22,65.54,90.37,43,8
44.86264,28.720028,44.86264,28.058033,16,13,18,22,78.54,94.090004,53,8
55.743385,23.450098,61.534557,2.2388623,16,8,18,22,39.72,60.22,44,8
-37.573513,20.100433,-59.067223,19.94833,55,16,18,22,82.05,97.69,47,8
-59.067223,19.94833,-67.39354,27.79404,16,14,18,22,85.73,109.78,53,8
-67.39354,27.79404,-74.02248,42.012623,14,17,18,22,97.69,122.78,63,8
43.48208,25.637852,50.832214,4.547323,16,8,18,22,39.19,58.19,34,2
21.50366,22.1251,21.50366,23.445732,16,8,18,22,58.19,81.19,40,2
35.596478,0.002875,38.171066,0.002875,17,0,18,22,5,16.96,33,2
58.349586,2.5583405,79.48582,-10.837551,53,9,18,22,19.45,33.09,24,2
37.745354,18.487574,8.339428,-2.104534,8,0,18,22,29.880001,38.88,40,2
48.52651,19.8751,48.52651,15.208399,16,8,18,22,42.88,63.34,37,2
48.52651,15.208399,7.062524,9.703817,8,14,18,22,54.97,76.21,54,2
7.062524,9.703817,-26.846663,14.01877,14,14,18,22,63.34,85.31,39,2
-66.52807,10.087669,-53.95605,16.687304,8,14,22,22,68.56578,85.39578,50,3
83.58446,0.0001,93.8861,7.903648,2,3,22,22,130.59578,138.59578,18,3
62.692684,21.863554,51.527203,46.326042,21,17,22,22,27.13,44.61,41,3
-55.508347,0.0001,-37.298885,41.881523,21,15,22,22,93.009995,113.649994,57,3
6.5121803,0.0001,8.319025,0.0001,17,21,22,22,0,19.44,22,3
8.319025,0.0001,20.6608,4.654221,21,17,22,22,12,30.48,51,3
-89.75,-11.104286,-85.43055,21.765781,21,21,22,22,58.66,66.34,17,3
-20.797234,0.0001,-18.177197,0.0001,17,21,22,22,14.73,33.65,30,3
-18.177197,0.0001,-10.508968,7.0825987,21,21,22,22,25.65,40.93,54,3
-14.857868,0.0001,0.051962554,16.687658,21,16,22,22,46.93,59.25,55,3
0.051962554,16.687658,33.497395,22.95164,16,13,22,22,53.73,79.65,47,3
80.327614,0.0001,62.303745,18.52269,8,16,22,22,79.65,93.93,55,3
46.521812,25.0001,68.73117,70.83806,21,15,22,22,118.03,140.47,68,3
-19.343637,20.310965,1.9645151,-2.9144497,55,0,18,22,53.25,57.25,43,28
72.05071,21.290073,102.15605,29.430124,55,17,18,22,114.619995,131.34,58,28
70.35065,0.008899927,101.17888,-7.919044,14,14,18,22,50.946842,71.17684,39,28
-43.813065,20.715372,-65.04826,15.99898,55,14,18,22,78.600006,91.3,48,28
-11.925476,42.0001,-6.1821547,38.00574,8,8,22,22,25.189999,39.5,29,8
-6.1821547,38.00574,-9.480265,40.44037,8,21,22,22,32.66,47.1,28,8
-46.479214,21.952993,-34.963554,39.9708,21,17,22,22,54.059998,72.46,57,8
29.232292,23.450098,16.803944,25.82798,21,21,22,22,11.16,25.16,52,8
16.803944,25.82798,5.8351088,45.319504,21,16,22,22,18.44,31.16,42,8
68.60135,19.100073,68.60135,78.43391,8,17,22,22,107.659996,126.86,60,8
28.319744,0.0001,25.316036,0.0001,17,21,22,22,25.720001,42.120003,26,8
28.07047,0.0001,41.765236,33.027023,21,17,22,22,57.22,74.54,46,8
54.344635,23.450098,60.344635,39.85881,8,16,22,22,74.54,89.18,52,8
37.44221,19.750097,37.44221,74.63893,8,8,22,22,106.51,115.51,63,8
6.114036,0.0001,9.125115,0.0001,17,21,22,22,19,37.92,26,8
15.004039,42.0001,15.004039,38.98507,8,21,22,22,37.92,54.01,35,8
43.05899,23.450098,59.42886,40.90206,8,21,22,22,75.95,91.60999,50,8
24.958351,20.630098,1.0146646,-2.10731,8,0,18,22,27,36,43,31
23.290785,27.2001,14.063293,13.261795,16,8,18,22,57.89,74.85,34,31
14.063293,13.261795,53.205025,26.705997,8,14,18,22,66.39,87.72,48,31
-19.99444,20.21638,-4.612925,12.368701,55,8,18,22,48.83,61.510002,38,31
-33.959442,27.2001,-33.959442,26.349829,16,14,18,22,61.510002,85.82001,44,31
-33.959442,26.349829,-72.80727,23.425264,14,14,18,22,73.600006,97.00001,50,31
48.315575,27.2001,51.524517,27.2001,17,9,22,22,30.46,55.46,33,31
64.15276,0.0001,67.31146,1.6835551,17,8,22,22,55.46,75.5,28,31
34.35,0.0001,35.189808,0.0001,17,21,22,22,0,18.64,25,31
39.328323,27.2001,50.318233,46.892128,21,16,22,22,18.64,31.84,42,31
37.446976,36.936016,36.743862,36.759808,8,8,22,22,57.129997,72.88,46,31
36.743862,36.759808,36.44138,39.76998,8,16,22,22,65.32,78.579994,50,31
-14.998146,54.4001,-16.371923,54.4001,17,21,22,22,10.68,28.52,24,31
-16.371923,54.4001,-23.987825,55.227303,21,21,22,22,20.52,35.8,56,31
-23.987825,55.227303,-35.42027,79.129745,21,16,22,22,28.52,41.739998,42,31
-32.396465,35.24997,-21.808237,36.61423,8,8,22,22,50.839996,67.579994,40,31
27.517984,41.682213,29.774078,75.70386,16,15,22,22,84.53,106.75,66,31
42.21894,27.2001,10.326336,112.17435,8,16,22,22,127.67,144.17,69,31
-38.566868,27.2001,-38.566868,41.022194,8,21,22,22,64.52,80.17,42,31
55.420757,19.786163,76.6155,-2.10731,55,0,18,22,21,25,36,32
38.330925,0.0001,38.90623,-2.1073108,16,0,18,22,28.64,41.64,29,32
50.758186,19.938343,80.43006,3.4354668,55,10,18,22,41.64,59.04,38,32
57.653942,19.907423,78.827034,-2.1073098,55,0,18,22,29.57,33.09,37,32
63.811626,20.034489,77.53719,9.111837,55,8,18,22,37.09,49.49,36,32
64.89194,20.292488,81.71033,8.092762,55,7,18,22,53.49,65.89,42,32
88.47355,-1.924414,90.83867,3.6688297,5,5,22,18,17,20.73,28,32
-7.4163585,0.0001,-17.682194,13.8691025,8,8,18,22,52.2,72.09,47,32
-33.01893,28.599749,-36.632175,26.009758,16,14,18,22,72.09,97.439995,52,32
-36.632175,26.009758,-91.35911,17.533098,14,10,18,22,85.09,116.84,59,32
-27.259144,26.5301,-62.388382,19.576916,8,14,18,22,46.42,65.22,47,31
16.151464,26.500107,11.261775,-0.6794863,14,8,18,22,6.84,27.019999,45,31
-24.422417,0.0001,-15.4984665,14.031198,8,8,18,22,49.22,62.45,41,31
30.618725,20.202654,16.49162,18.62345,55,8,18,22,47.12,59.879997,34,31
44.861443,27.2001,49.342678,25.382727,16,16,18,22,59.879997,81.07,44,31
54.336796,27.2001,54.336796,35.421635,16,14,18,22,81.07,104.21,49,31
-28.16372,25.0001,-28.16372,24.553852,16,16,3,22,38,64.74,40,3
-28.16372,24.553852,-28.16372,23.729387,16,16,3,22,52,76.36,50,3
31.292006,61.59012,40.097427,50.260174,59,16,3,22,22.92,42.66,34,3
40.097427,50.260174,50.659607,22.725681,16,0,3,22,29.92,42.66,46,3
24.000645,49.27484,24.000645,38.593822,59,16,3,22,51.66,71.049995,37,3
29.40063,49.38586,29.40063,39.181747,59,16,3,22,71.049995,89.32,39,3
29.40063,39.181747,29.40063,66.75051,16,20,3,22,77.14,99.32,57,3
-26.422205,0.0001,-26.422205,31.187727,17,16,3,22,99.32,127.36,69,3
-17.388102,0.0001,-21.459368,8.289371,5,5,22,3,25,30.55,46,3
-37.807564,61.538605,-46.396923,46.479332,59,16,3,22,13,32.32,35,3
-40.465164,25.0001,-40.465164,27.20322,16,16,3,22,53.079998,75.2,47,3
-40.465164,27.20322,-34.465164,36.538628,16,16,3,22,64.56,85.14,52,3
-34.465164,36.538628,-34.465164,53.886658,16,18,3,22,75.2,111.869995,58,3
38.936554,60.34018,30.34039,45.33606,59,16,3,22,13.08,31.279999,35,3
28.602049,61.95487,38.132732,47.112625,59,16,3,22,34.07,52.620003,37,3
55.041466,25.0001,55.041466,25.594458,16,16,3,22,52.620003,74.600006,47,3
32.674442,49.551083,35.19444,25.0001,59,20,3,22,100.02001,114.250015,53,3
40.046608,49.75653,26.26394,42.703556,59,11,3,22,141.61,165.91,46,3
39.27446,0.0001,37.419018,0.42288178,2,3,22,18,17,25,13,3
37.419018,0.42288178,33.074627,-2.134669,3,5,22,18,21,26,16,3
33.074627,-2.134669,28.839117,6.0634103,5,5,22,18,25,30.55,46,3
32.279728,20.943367,9.313741,29.130724,55,16,18,22,93.2,106.78,47,3
9.313741,29.130724,17.575869,20.437323,16,16,18,22,96.88,118.61,46,3
52.028954,20.042229,66.021095,7.5126266,55,8,18,22,37.9,50.780003,37,3
44.046753,25.0001,44.046753,23.828552,16,8,18,22,50.780003,74.82,39,3
78.10111,0.0001,80.14919,24.516691,8,14,18,22,78.82,96.36,61,3
47.11315,25.0001,11.28742,26.160583,8,14,18,22,40.62,62.43,45,3
-87.50853,0.0001,-43.65177,30.511429,8,16,18,22,75.43,93.880005,59,3
-43.112396,25.0001,-28.332615,20.850327,16,14,18,22,93.880005,111.98,41,3
-15.936283,75.504486,-26.5918,49.150986,59,0,3,22,16,23,41,28
-15.936283,75.5406,-15.866283,52.621666,59,13,3,22,23,41.37,40,28
42.8397,61.780216,32.928104,51.241337,59,16,3,22,55.37,74.34,37,28
32.928104,51.241337,77.75758,42.216667,16,16,3,22,61.46,86.1,60,28
57.253647,4.5089,58.52301,1.8900232,2,3,22,3,0,8,13,28
53.26989,0.0089,51.548153,0.0089,2,3,22,3,29.55,37.55,25,28
50.261444,56.290054,58.161896,47.03816,59,16,3,22,3,22.11,31,28
-43.526833,60.531578,-33.535698,46.263893,59,16,3,22,46.73,65.35,38,28
-33.535698,46.263893,-29.450636,53.968243,16,16,3,22,53.309998,76.549995,45,28
-39.258087,30.142199,-39.258087,50.01898,16,16,3,22,76.549995,96.56999,58,28
-39.258087,50.01898,-39.258087,79.978004,16,20,3,22,86.909996,106.56999,63,28
-45.272263,58.991238,-37.066467,45.97601,59,16,3,22,3,21.900002,33,28
-41.444458,30.142199,-41.444458,26.133434,16,16,3,22,42.940002,64.92,42,28
-41.444458,26.133434,-41.444458,33.28162,16,16,3,22,54.280003,74.86,44,28
-40.146786,30.142199,-40.146786,25.760485,16,16,3,22,41.03,64.27,43,28
-40.146786,25.760485,-40.146786,29.20733,16,16,3,22,53.07,74.77,46,28
-40.146786,29.20733,-40.146786,42.81207,16,16,3,22,64.27,84.57,49,28
-40.146786,42.81207,-40.146786,59.671337,16,16,3,22,74.77,93.67,57,28
-40.146786,59.671337,-40.076786,81.520805,16,18,3,22,84.57,109.67,65,28
27.240839,19.8801,19.506088,11.534861,8,8,18,22,44.19,58.5,48,8
13.125817,33.740105,25.647888,45.497986,8,16,18,22,48.267097,73.3571,57,8
25.647888,45.497986,29.355846,41.101357,16,8,18,22,60.357098,81.3671,46,8
59.320354,23.450098,59.320354,28.16146,16,17,18,22,81.3671,106.0671,52,8
-56.18243,-1.3742726,-77.49606,-17.305956,53,9,18,22,15.07,28.71,25,8
-38.290314,0.0001,-39.714348,-0.7623973,2,3,22,18,8,15.639999,13,8
-42.93266,-0.7775371,-46.803917,8.597441,5,5,22,18,15.639999,21.189999,46,8
-44.1803,1.3082823,-67.7929,-10.549577,53,9,18,22,48.67,62.309998,25,8
38.917187,61.557064,20.43591,21.175678,59,0,3,22,16,23,47,8
31.091425,47.565285,31.091425,34.948715,59,16,3,22,23,43.37,35,8
28,23.449999,28,24.093056,16,16,3,22,43.37,67.73,42,8
28,24.093056,28,24.121452,16,16,3,22,56.11,78.37,51,8
28,24.121452,28,39.63674,16,16,3,22,67.73,88.170006,51,8
28,39.63674,28,64.84071,16,16,3,22,78.37,97.270004,56,8
39.34521,23.450098,39.34521,23.4501,16,16,3,22,41.72,60.06,41,8
39.34521,23.4501,39.34521,24.465622,16,16,3,22,51.100002,68.6,43,8
39.34521,24.465622,39.34521,35.33333,16,16,3,22,60.06,76.72,44,8
39.34521,35.33333,39.34521,43.866203,16,16,3,22,68.6,84.56,53,8
39.34521,43.866203,39.34521,60.79533,16,18,3,22,76.72,111.56,56,8
34.242447,61.413887,44.046745,48.755272,59,16,3,22,44.56,62.760002,37,8
44.046745,48.755272,48.476604,46.027737,16,20,3,22,51.56,72.76,48,8
45.819107,61.569435,35.2988,52.865864,59,16,3,22,72.76,91.170006,38,8
35.2988,52.865864,29.238487,78.11955,16,18,3,22,79.270004,118.170006,60,8
43.573128,61.675133,35.187798,41.86163,59,16,3,22,0,18.55,36,8
29.478092,47.534554,29.478092,39.504013,59,16,3,22,18.55,36.4,32,8
29.478092,39.504013,18.822575,21.175678,16,0,3,22,24.5,36.4,39,8
29.87659,61.235825,29.87659,43.23024,59,16,3,22,36.4,53.83,39,8
49.753967,50.367287,64.05994,42.695477,55,8,18,22,42.34,55.25,36,28
51.559593,20.677969,72.93912,12.325255,55,8,18,22,76.08,88.3,49,28
72.93912,12.325255,24.60571,32.69852,8,16,18,22,79.840004,101.04,56,28
3.9332597,0.0089,3.0870888,1.0587345,2,3,22,18,4,12,8,28
-0.763151,0.0089,-3.0253072,5.0182114,5,5,22,18,12,15.73,28,28
14.293626,51.4254,15.047615,52.221973,2,3,22,18,0,8,8,28
17.786139,51.4254,19.89062,51.73079,5,5,22,18,8,12.639999,44,28
21.863531,59.130466,16.65063,62.975937,5,5,22,18,16.359999,20.330002,44,28
39.700024,30.2426,33.399555,26.68726,8,8,18,22,26.099998,44.289997,38,28
-12.977002,24.062683,-21.063873,17.3293,59,16,3,22,17,37.02,31,32
-62.485313,0.0001,-44.989597,-4.2468357,8,2,3,22,37.02,52.02,47,32
-50.010986,24.257275,-59.378098,18.603813,59,16,3,22,52.02,71.34,34,32
-59.378098,18.603813,-68.61829,-2.2743177,16,0,3,22,58.6,71.34,64,32
-57.96278,24.386265,-57.96278,26.010117,59,16,3,22,71.34,89.68,32,32
-54.731304,24.1624,-63.70055,15.283109,59,16,3,22,35.62,55.78,34,32
9.6794195,0.0001,9.6794195,23.706194,16,16,3,22,71.78,96.28,53,32
2.0644279,24.522549,-9.173532,21.637531,59,16,3,22,99.28,117.62,38,32
-60.198616,14.250076,-73.23412,-2.2743182,16,0,3,22,38.45,52.03,49,32
-62.57861,24.282898,-62.57861,19.27236,59,16,3,22,52.03,71.7,34,32
-62.57861,19.27236,-62.57861,22.448872,16,18,3,22,58.96,98.7,53,32
67.23453,24.011848,86.13245,-2.2743173,59,0,3,22,9.4800005,15.570001,40,32
75.47691,24.065567,86.13243,-2.2743173,59,0,3,22,15.570001,21.17,39,32
-1.0832913,19.777132,20.113062,-2.10731,55,0,18,22,21.68,25.12,36,32
-15.331417,19.881622,-2.400224,1.4096332,55,8,18,22,28.28,40.2,37,32
45.721596,20.076189,26.2168,0.000099897385,55,0,18,22,40.2,43.120003,45,32
37.494846,20.120918,58.629818,-2.1073098,55,0,18,22,43.120003,45.88,41,32
-7.6062202,20.411814,9.622008,16.707619,55,10,18,22,61.52,78.32,40,32
68.58187,1.3848861,64.7843,7.0610824,5,5,22,18,12,17.55,46,32
59.089478,19.771,37.886436,-2.1073108,55,0,18,22,20.6,24.6,36,32
24.830185,20.065592,43.863087,0.000099897385,55,0,18,22,37.399998,39.999996,44,32
32.603443,20.052317,11.450071,-2.1073096,55,0,18,22,39.999996,42.439995,39,32
23.301558,19.93712,52.051376,7.226016,55,8,18,22,42.439995,53.759995,36,32
52.051376,7.226016,43.863083,-2.1073105,8,0,18,22,44.759995,53.759995,41,32
31.961092,20.114882,-8.4999275,-2.1073105,55,0,18,22,53.759995,56.319996,45,32
3.434725,20.154339,38.606525,2.5161777,55,14,18,22,56.319996,71.84,43,32
-22.143965,0.0001,-17.134838,0.0001,17,0,18,22,0,13,34,32
39.60705,19.722609,18.395473,-2.1073103,55,0,18,22,17,21,36,32
52.75565,0.0001,51.926235,-2.10731,16,0,18,22,24.64,37.64,29,32
40.111897,19.882547,12.544542,5.1480813,55,8,18,22,37.64,50.04,36,32
12.544542,5.1480813,19.513218,-2.1073108,8,0,18,22,41.04,50.04,42,32
65.940125,20.287178,50.01805,13.375408,55,8,18,22,53.280003,64.65,39,32
50.01805,13.375408,82.722694,13.69126,8,10,18,22,56.280003,78.65,48,32
35.345398,61.91279,23.948797,38.919308,59,15,3,22,79.16,97.32001,46,2
47.8358,24.632217,60.140755,10.22948,59,17,3,22,97.32001,119.62001,44,2
29.854408,18.016785,29.854408,18.016785,16,16,3,22,34,58.359997,40,2
29.854408,18.016785,29.854408,17.67294,16,16,3,22,46.739998,69,43,2
29.854408,17.67294,29.854408,25.746634,16,16,3,22,58.359997,78.8,47,2
29.854408,25.746634,29.64558,28.588934,16,16,3,22,69,87.9,60,2
29.64558,28.588934,35.598335,48.30206,16,16,3,22,78.8,96.44,59,2
-41.77137,61.685997,-33.421356,46.721664,59,16,3,22,3,21.900002,34,2
28.683125,24.226288,19.625933,19.160057,59,8,3,22,46.24,61.82,33,2
31.898273,18.67736,32.31827,13.642033,16,16,3,22,61.82,85.759995,60,2
32.31827,13.642033,32.31827,40.09596,16,16,3,22,74.28,96.399994,52,2
32.31827,40.09596,32.31827,68.56652,16,16,3,22,85.759995,106.34,64,2
30.262363,62.10105,40.296524,54.376713,59,16,3,22,59.359997,77.28,36,2
40.296524,54.376713,45.98024,62.66373,16,16,3,22,66.36,87.5,55,2
-36.423794,16.1251,-71.70754,18.896454,8,10,18,22,50.3,79.3,44,2
55.37562,20.48547,13.396442,9.848697,55,14,18,22,76.88,89.03999,47,2
-43.083366,22.448647,-42.873367,32.23933,16,16,18,22,99.30999,123.48999,64,2
32.247715,17.918137,32.247715,20.152206,16,8,18,22,46.4,70.91,35,2
12.431603,0.0089,12.431603,5.4427423,17,17,25,22,34,76.02,69,28
28.416897,2.7492769,46.212967,0.18318224,56,0,25,22,76.02,82.6,27,28
-58.242134,2.781842,-76.032455,0.183182,56,0,25,22,81.829994,88.27,30,28
17.229368,20.416222,-0.99053514,-4.732394,55,7,18,22,60.879997,73.88,51,32
-16.140202,20.619503,4.804836,9.833229,55,10,18,22,73.88,91.56,49,32
9.049414,20.012959,-12.1109085,-2.1073108,55,0,18,22,35,39,37,32
28.909872,0.0001,33.322605,-2.1073108,16,0,18,22,42.64,55.64,36,32
21.404188,20.158405,-19.73791,-2.1073103,55,0,18,22,55.64,59.04,44,32
-7.7821712,20.209408,35.100857,-2.1073103,55,0,18,22,59.04,62.16,45,32
23.144972,20.257715,-14.038262,3.1095653,55,14,18,22,62.16,75.04,45,32
-23.001837,19.882914,-10.447836,5.498269,55,8,18,22,27.83,40.83,35,32
-40.0867,20.152523,-25.36596,11.703845,55,8,18,22,44.83,56.920002,37,32
-9.054568,20.472443,9.805887,10.410376,55,8,18,22,64.57,75.42,45,32
9.805887,10.410376,-27.762379,26.09506,8,14,18,22,68.13,88.42,47,32
-27.762379,26.09506,-69.32878,32.94926,14,14,18,22,75.42,97.52,44,32
-30.002981,0.002875,-30.002981,13.80298,17,13,2,22,55.24,73.4,41,2
-9.784925,0.002875,-9.784925,11.390574,19,13,2,22,54.58,67.58,45,2
10.529106,19.978788,24.044033,4.7763023,55,8,18,22,33.09,45.49,37,28
-6.849951,20.236143,23.26602,-2.0985105,55,0,18,22,49.49,52.850002,45,28
15.166565,20.11694,-16.097004,-2.0985107,55,0,18,22,52.850002,55.97,46,28
77.44708,2.1264539,95.19235,-11.740704,53,9,18,22,29.539999,41.86,26,28
108.14055,4.4593983,135.01768,-7.7921433,14,14,18,22,41.86,66.17,39,28
24.753687,0.0089,15.211979,-2.0985117,8,0,18,22,31.369999,41.37,36,28
53.592113,30.2426,82.119896,18.779802,14,16,18,22,45.09,69.53,40,28
10.988736,71.082466,32.20651,49.31799,55,0,18,22,13,17,38,28
33.349804,30.2426,47.61258,43.29678,8,16,18,22,53.300003,76.57001,63,28
47.61258,43.29678,51.215393,38.56233,16,10,18,22,66.3,90.57001,47,28
-81.993065,0.0001,-81.993065,12.788132,17,17,2,22,67.119995,94.479996,56,3
28.441034,0.0001,29.993713,1.8448029,2,3,22,18,19.64,27.64,8,31
62.168896,0.0001,62.168896,28.059488,16,14,18,22,92.04,115.18,41,31
1.870347,19.915163,23.042057,-2.1073093,55,0,18,22,29.920002,33.920002,36,31
-13.74608,20.033197,7.404555,-2.1073103,55,0,18,22,37.56,40.88,37,31
-31.054043,27.2001,-31.054043,23.49039,16,14,18,22,43.920002,68.880005,37,31
-0.90122163,42.250107,17.43165,22.212984,14,16,2,22,15.8,32.59,25,31
63.46933,0.0001,63.46933,-2.470199,17,2,2,22,34,50.72,38,31
18.84184,54.4001,17.093815,53.324223,19,0,2,22,16,23,40,31
-54.121742,2.7919521,-61.705257,-4.6321545,55,9,2,22,46.15,65.15,45,31
-47.438953,16.1251,-47.438953,12.1175785,16,8,18,22,26,48,31,2
-11.608979,20.289955,-27.042603,16.811413,55,8,18,22,52,64.37,37,2
44.768394,0.002875,41.15361,7.9233284,5,5,22,18,8,13.549999,46,2
43.997227,21.648533,43.997227,16.365005,16,8,18,22,30.1,51.61,33,2
50.539043,20.74161,28.434467,12.046167,55,16,18,22,80.810005,96.25001,51,2
48.140102,20.994537,23.199284,21.768063,55,16,18,22,96.25001,108.33001,53,2
47.18713,20.17704,32.72866,14.274856,55,8,18,22,45.559998,58.559998,36,2
32.72866,14.274856,59.558857,18.250423,8,8,18,22,49.559998,66.75,42,2
59.558857,18.250423,73.98641,16.186085,8,14,18,22,58.559998,78.97,52,2
45.230606,0.0001,44.4843,0.10056457,2,3,22,2,0,8,8,32
68.794334,0.0001,70.175354,-3.3555865,2,3,22,2,8,15.360001,13,32
5.676975,0.0001,5.676975,16.2094,19,13,2,22,61.86,74.44,45,32
-17.484152,0.0001,72.84771,32.143684,17,14,2,22,105.17,136.25,85,32
32.837536,0.0001,33.68473,-1.0757774,19,0,2,22,30.64,37.64,42,32
-28.497839,19.608788,-7.2714314,-2.10731,55,0,18,22,10,14,34,8
-22.1466,20.376863,-38.686195,23.4501,55,8,18,22,58.839996,71.399994,39,8
-34.0977,23.450098,-16.02652,-2.1073103,8,0,18,22,25.65,34.65,43,8
55.849545,23.450098,65.881454,25.345259,8,17,18,22,37.739998,62.049995,50,8
-11.887698,42.0001,-11.887698,42.0001,17,2,2,22,7,25,29,8
37.879288,23.450098,37.879288,54.316654,17,13,2,22,67.72,88.72,44,8
37.3659,0.0001,38.572495,2.040199,2,3,22,18,20,27.64,8,3
31.691507,25.0001,-8.304041,36.49507,8,16,18,22,51.230003,76.23,52,3
-8.304041,36.49507,-27.106209,25.0001,16,11,18,22,63.230003,91.23,56,3
32.206623,44.555916,52.91411,22.89269,55,0,18,22,16.68,20.08,38,3
35.211716,44.698486,69.350365,22.89269,55,0,18,22,26.16,28.88,40,3
25,25,25,20.37797,16,8,18,22,31.439999,56.309998,33,3
42.57127,25.0001,10.556312,27.952559,14,14,18,22,59.229996,81.329994,38,3
-39.304653,25.0001,-39.234653,23.122822,16,14,18,22,81.329994,102.17999,57,3
-79.00057,0.0001,-94.95149,2.4922152,16,14,18,22,102.17999,121.60999,41,3
-94.95149,2.4922152,-102.238,41.640144,14,17,18,22,111.079994,134.60999,56,3
-66.41554,19.802288,-54.36536,2.5957756,55,8,18,22,22.099998,34.469997,35,3
-15.852803,0.0001,-17.520304,3.3065236,2,3,22,18,40.64,48.28,8,3
-24.152523,20.489777,-41.736233,19.890053,55,8,18,22,65.78999,77.35999,40,3
-41.736233,19.890053,-1.4031335,32.662148,8,14,18,22,69.34999,89.96999,54,3
-1.4031335,32.662148,46.517693,26.58646,14,14,18,22,77.35999,98.869995,53,3
-25.984196,0.0001,-10.074541,0.0001001358,16,9,9,22,46.506226,72.506226,46,3
35.85398,25.0001,55.37955,29.165073,16,15,9,22,68.7,92.38,48,3
-28.64174,31.400068,-58.28691,49.556107,7,15,9,22,104.32456,128.06456,62,3
-35.752674,0.0001,-26.698313,-5.6200953,16,12,9,22,31.78,58.24,33,3
-78.828896,0.0001001358,-78.828896,44.18197,9,16,9,22,125.560005,150.3,89,3
41.751717,0.002875,41.821716,-5.0273495,17,13,9,22,7,32.05,38,2
-3.1955554,40.239517,18.832634,70.2296,16,15,9,22,93.58986,113.609856,63,2
58.11709,0.623875,58.11709,33.06629,9,16,9,22,113.609856,137.78986,82,2
4.7423525,0.002875,12.18815,-2.339939,16,12,9,22,35.42,57.26,28,2
41.950367,-0.57289296,63.76232,10.358728,6,15,9,22,53.992,79.29201,51,8
-3.3765533,0.0001,-2.1718662,0.0001,17,2,9,22,0,13.679999,48,8
-50.8274,-2.422275,-58.916603,-16.83699,16,12,9,22,25.44,53.300003,34,8
30.166811,28.930183,63.056732,56.188026,16,15,9,22,96.399994,117.799995,64,8
-65.60358,0.0089,-69.921684,0.0089,2,3,9,22,49.149998,54.149998,17,28
12.576858,0.0089,12.576858,0.6410048,9,2,9,22,34.28,49.129997,37,28
5.53763,14.596594,14.541377,-1.5473754,55,0,9,22,49.129997,57.129997,44,28
75.65152,0.0089,102.54165,1.8089457,6,13,9,22,64.409996,89.99,64,28
-23.50663,0.0001,-33.74642,-5.0971828,16,12,9,22,34.565445,61.445446,35,32
72.75105,0.0001,60.589222,-0.39677036,16,12,9,22,51.74,75.96001,36,32
78.896484,0.0001,78.896484,14.567392,9,13,9,22,75.96001,101.240005,54,32
30.81043,14.587793,39.81418,-1.556175,55,0,9,22,22.78,30.78,39,32
72.04273,14.587793,63.038982,-1.556175,55,0,9,22,38.06,44.7,41,32
28.843481,38.801132,19.995043,48.869225,8,16,20,22,74.652,91.451996,41,31
49.529526,31.389345,68.502686,36.100887,55,15,15,22,22.859999,44.87,55,3
70.57753,6.3283334,88.42767,14.477911,55,15,15,22,12,33.68,51,3
82.29978,6.5190115,82.23017,12.629976,55,21,15,22,36.47,74.7,58,3
-19.164381,48.24804,-36.399044,50.583084,55,15,15,22,0,23,52,8
-51.768852,23.450098,-43.40845,21.223925,8,21,15,22,35,72,40,8
46.775295,-1.5780864,71.26168,28.72246,19,16,15,22,79.882095,104.162094,53,8
48.268456,29.88519,67.192245,40.402782,55,15,15,22,28.299997,51.079998,53,8
-48.337566,0.002875,-48.937565,0.002875,17,0,15,22,94.11,103.39,50,2
-14.29184,42.7501,-56.77237,7.2847176,14,14,15,22,114.28,129.70999,39,2
-54.404446,6.6299906,-54.404446,16.269497,55,21,15,22,40.64,79.42,57,2
44.322666,27.480162,47.05477,20.847393,8,16,15,22,38.059998,57.42,40,2
33.838963,17.366795,33.682175,25.27275,5,5,22,15,33.55,37.28,42,2
-3.38164,42.7501,-3.381648,50.678776,16,21,15,22,65.159996,104.2,52,2
26.434814,33.621964,26.434814,44.472202,55,21,15,22,22.04,58.37,52,31
29.307178,33.572685,29.307178,40.21073,55,17,15,22,15,26.79,53,31
25.696962,0.0001,15.864859,5.576176,8,17,15,22,45.35,56.21,42,31
-10.712831,0.0001,3.9400198,14.242481,8,17,15,22,66.409996,76.42999,53,31
42.979473,33.73827,62.978935,46.640274,55,15,15,22,43.100006,64.54001,55,31
37.96061,33.976795,37.96061,51.88463,55,13,15,22,73.54001,93.54001,60,31
35.340534,6.367292,35.410534,9.256131,55,21,15,22,13,52,55,32
59.321163,6.2937865,59.321163,6.970539,55,8,15,22,3,21.23,54,32
56.204346,6.343814,45.944958,-5.5253606,55,0,15,22,10.1,20.66,57,32
61.914337,6.406058,72.17372,-5.525361,55,0,15,22,20.66,30.34,59,32
72.31535,0.0001,72.31535,2.388034,16,2,15,22,47.5,62.5,42,32
47.13299,36.76826,27.178312,45.656666,55,21,15,22,41.28,80.28,57,28
47.12002,1.0589,50.874054,6.251799,5,5,22,15,27.96,31.689999,35,28
52.6094,30.2426,43.015545,33.551975,8,21,15,22,43.16,80.16,42,28
-55.34861,27.2001,-55.34861,43.29674,16,15,15,22,72.119995,93.479996,52,31
-54.1654,33.612816,-64.42479,21.674635,55,0,15,22,20.2,30.87,59,31
3.1348689,0.0001,-13.622514,15.665784,8,15,15,22,72.58,93.100006,60,31
49.049038,27.2001,31.406296,51.289413,8,21,15,22,77.08,114.08,60,31
44.62578,27.2001,43.531975,27.2001,2,3,22,15,0,8,13,31
40.51125,27.2001,37.300148,35.790157,5,5,22,15,8,12.639999,44,31
49.399147,6.4773183,69.25949,12.624479,55,15,15,22,34.92,57.199997,57,31
-13.179461,48.24804,-30.063398,53.939484,55,13,15,22,0,23,50,8
15.75,42,15.75,39.31011,16,17,15,22,47.329998,59.89,43,8
23.08365,30.515295,23.503649,20.046492,16,16,15,22,59.89,79.33,56,8
10.060706,42.0001,3.1912594,42.0001,8,21,15,22,25.79,62.79,37,8
52.76154,30.113949,74.39652,43.667717,55,15,15,22,62.08,83.32,59,8
-39.935665,21.075928,-40.812946,22.52624,2,3,22,15,4,12,8,2
25.377623,6.3405147,25.377623,17.559517,55,13,15,22,9.240001,28.91,49,2
41.623245,18.388443,44.566074,14.690104,8,16,15,22,42.14,61.54,41,2
-34.319748,6.356417,-34.319748,19.8751,55,16,15,22,11.58,34.58,53,2
7.082257,61.693615,8.313238,52.374336,8,8,4,22,8,21.279999,27,28
-79.45773,-11.141621,-83.675514,7.309369,8,15,4,22,96.490005,115.770004,44,28
22.02885,0.0089,24.174444,5.1945367,2,3,22,4,21,28.64,8,28
13.67455,2.1056364,23.379496,15.449114,8,8,4,22,55.36,68.32,37,28
-179.4921,4.7946095,-182.27527,-0.0022143126,42,42,4,22,100.85,106.85,12,28
-132.40001,14.482311,-135.07053,6.3528395,42,42,4,22,108.85,113.619995,13,28
26.604992,0.0089,28.337917,0.008900166,8,8,4,22,18.31,33.59,31,28
28.337917,0.008900166,30.110262,3.0922017,8,8,4,22,26.31,40.23,28,28
75.286865,14.576898,77.95973,6.447427,42,42,4,22,73.630005,77.62,13,28
19.024582,0.0089,21.072514,4.435548,2,3,22,4,51.64,59,8,28
25.352936,10.398869,30.13613,13.129056,8,16,4,22,77.62,98.62,47,28
-63.461655,14.172086,-57.217003,43.026096,8,15,4,22,98.62,119.98,61,28
-34.664543,12.652126,-36.641212,9.186597,8,8,4,22,36.38,47.84,32,32
-36.641212,9.186597,-38.679665,7.4904094,8,8,4,22,42.38,52.82,31,32
-38.679665,7.4904094,-40.923603,8.578503,8,8,4,22,47.84,57.38,32,32
-34.389378,0.0001,-39.196404,9.385505,8,16,4,22,74.57001,96.130005,54,32
30.629684,8.180768,30.865229,30.368586,8,16,4,22,114.23,134.39,59,32
73.099205,0.0001,70.80598,2.258308,2,3,22,4,26,34,13,32
28.464954,0.0001,22.115755,28.74753,8,15,4,22,94.21,116.05,62,32
184.78836,11.605988,180.14226,16.25465,42,42,4,22,116.05,120.79001,9,32
-26.381016,0.0001,-29.44155,12.072313,8,8,4,22,54.13,66.39,37,32
-29.44155,12.072313,-28.17864,5.4878163,8,8,4,22,61.41,72.47,41,32
-52.705482,0.0001,-49.958813,0.0001,42,42,4,22,83.27,89,14,32
-62.49714,0.0001,-69.56156,36.82887,8,13,4,22,103.77,120.96999,66,32
-37.10025,30.142199,-41.340775,30.142199,17,21,1,22,0,8.82,28,28
-48.892006,31.408873,93.18033,32.811264,13,18,1,22,122.15,134.27,59,28
93.18033,32.811264,109.22865,14.759585,18,18,1,22,131.27,137.27,11,28
56.936634,0.0089,-136.72166,15.149811,13,18,1,22,144.27,156.57,70,28
-136.72166,15.149811,-154.66742,-1.620151,18,18,1,22,154.83,158.17001,11,28
-58.9651,0.0089,-55.44417,0.0089,17,21,1,22,0,14.369999,35,28
-8.596724,16.774498,-17.26332,2.3414154,55,8,1,22,14.369999,30.829998,35,28
-21.873623,0.0089,-30.26832,7.990711,16,8,1,22,30.829998,52.109997,43,28
-36.12392,30.142199,-49.43155,69.97303,16,16,1,22,52.109997,71.829994,56,28
-63.704308,17.700718,-78.770195,21.051764,55,21,1,22,115.85,126.24,46,28
11.833914,52.782097,20.886604,67.11381,16,14,1,22,30.92,54.33,50,2
0.30746937,42.7501,-20.358648,103.02391,16,16,1,22,71.149994,90.13,78,2
51.965607,0.1912422,44.810123,-1.077635,6,8,1,22,114.9377,130.9377,55,2
-29.848545,30.994387,-21.038063,8.944053,55,0,1,22,3,10.28,37,2
-30.325222,31.035765,-38.780487,8.944054,55,0,1,22,10.28,16.98,38,2
-29.481009,31.088797,-21.038063,8.944054,55,0,1,22,16.98,23.18,39,2
-30.339632,31.152597,-38.780487,8.944054,55,0,1,22,23.18,28.9,38,2
20.771255,0.002875,22.688961,1.821732,2,3,22,1,47.559998,55.559998,8,2
-6.3453975,42.7501,-10.186188,42.7501,17,21,1,22,69.8,82.350006,46,2
-31.110373,18.803589,-7.127143,96.46303,16,15,1,22,82.350006,110.350006,78,2
-9.001687,0.0001,-13.912355,-0.8407421,16,8,1,22,11.459999,33.46,33,32
-29.5505,17.00337,-18.793776,-0.4547491,55,8,1,22,40.46,56.289997,41,32
-9.502162,0.0001,3.9440892,40.921364,16,15,1,22,56.289997,83.64,51,32
-69.121155,16.673311,-60.72035,-0.9856181,55,8,1,22,4.1,20.56,35,32
37.693222,0.0001,33.512497,0.0001,17,21,1,22,68.119995,79.57,27,32
35.24618,17.388254,49.019493,2.859034,55,16,1,22,82.57,93.19,48,32
30.832338,0.0001,47.58506,0.0001001358,8,8,1,22,17.48,40.4,31,32
-77.35135,0.0001,-79.19189,0.0001,17,21,1,22,82.590004,93.32001,26,32
-17.148903,17.671005,-3.181301,28.93671,55,15,1,22,113.96001,134.1,40,32
-3.181301,28.93671,205.96628,29.214373,15,18,1,22,119.10001,136.1,83,32
74.1715,17.18699,62.53613,-5.364712,55,0,1,22,60.45,65.990005,47,32
71.89208,17.230743,84.36995,-4.8590155,55,11,1,22,65.990005,89.110016,48,32
21.663174,27.2001,16.209541,20.16539,16,8,1,22,13,33.83,36,31
9.131763,71.75262,-2.6726086,73.45999,55,15,1,22,78.83,98.72,38,31
7.3174863,0.0001,3.676959,0.0001,17,21,1,22,12.65,21.92,23,31
-43.584038,27.2001,-30.176826,69.60416,16,15,1,22,51.08,82.91,57,31
37.76161,27.2001,34.24068,27.2001,17,21,1,22,0,14.369999,36,31
13.819289,54.4001,5.4613724,63.89051,16,8,1,22,28.369999,52.079998,49,31
5.4613724,63.89051,-2.233241,64.62989,8,15,1,22,43.71,66.63,36,31
-64.62978,0.0001,-59.008858,0.0001,17,21,1,22,50.73,65.659996,33,31
4.146574,17.232578,16.238789,7.3322005,55,8,1,22,65.659996,79.85,42,31
2.1452994,16.701504,-6.3131084,-5.3647127,55,0,1,22,7,14.459999,35,8
2.9842782,16.763344,11.429314,-5.3647127,55,0,1,22,14.459999,21.259998,37,8
2.129849,16.826773,-7.2100043,-1.4476953,55,11,1,22,21.259998,45.48,38,8
-41.207146,23.450098,-46.52807,23.450098,17,21,1,22,0,15.28,32,8
-50.579666,36.878853,-37.09641,58.593468,8,15,1,22,70.12,93.01,47,8
-21.216755,0.0001,-4.871623,-3.1022654,8,15,1,22,52,69.28,45,8
-37.20421,41.04931,-21.775497,27.008303,55,16,1,22,105.799995,116.439995,53,8
6.1058016,59.764004,-10.285108,48.53354,55,16,1,22,123.439995,133.34999,56,8
22.66117,0.0001,25.561823,0.0001,17,21,1,22,0,10.73,34,8
-1.5625173,16.664822,-10.02545,-5.3647118,55,0,1,22,3,10.459999,36,3
-1.0935085,16.749191,-1.0935041,-4.757628,55,8,1,22,10.459999,26.259998,38,3
56.80202,0.0001,11.747197,11.017319,8,15,1,22,51.539997,70.86,50,3
48.600616,25.0001,51.281345,25.0001,17,21,1,22,0,11.51,32,3
61.97071,0.0001,74.80475,0.000099897385,8,21,1,22,11.51,27.51,27,3
19.18488,0.0001,20.746738,-2.249281,13,21,1,22,7,23.230001,21,3
53.99558,25.0001,40.688004,25.0001,5,5,1,22,46.49,51.13,44,3
40.688004,25.0001,39.04688,25.0001,5,21,1,22,50.22,55.780003,18,3
27.977695,0.0001,-26.647068,9.410555,8,15,1,22,55.780003,82.78,60,3
-82.50507,0.0001,-58.37763,5.463523,20,15,1,22,72.909996,95.369995,57,3
0.38122323,17.554361,-14.4510145,5.213625,55,11,1,22,100.21999,123.85999,51,3
-4.2135773,0.0001,-0.47272146,0.0001,17,21,1,22,3,15.549999,30,8
50.340187,23.450098,58.542774,37.36502,16,15,1,22,27.099998,58.93,47,8
15.863438,16.636639,23.975786,-0.22436881,55,8,1,22,0,16.46,34,8
-53.347576,30.333937,-65.88133,68.9544,16,15,1,22,51.72,80.37,55,8
52.983963,-2.871559,32.12773,0.5604756,8,21,1,22,26.75,43.35,32,8
-14.732045,0.0001,-62.27055,27.141193,8,15,1,22,56.83,77.83,48,3
-80.9546,15.366171,-66.39891,47.284294,8,15,1,22,77.83,99.91,47,3
-11.4421215,33.05008,-4.788492,-0.72800326,13,21,1,22,12.74,26.34,27,3
72.68881,17.929369,89.36573,32.216255,55,15,1,22,141.08002,160.97003,46,3
48.179592,25.0001,43.95853,25.0001,17,21,1,22,13.049999,31.969997,42,3
21.131876,4.1001,19.468136,0.0001,17,21,1,22,31.969997,42.609997,31,3
-45.92528,0.0001,-43.924618,0.0001,17,21,1,22,38.510002,46.47,26,3
5.4566994,0.0001,16.339853,30.225065,16,14,1,22,46.47,66.47,45,3
10.776933,0.0001,7.19077,0.0001,17,21,22,22,5.73,25.73,27,32
-11.63806,0.0001,-25.292503,17.143433,21,17,22,22,36.77,54.45,51,32
-0.06419271,0.0001,14.971936,45.392094,8,14,22,22,96.67,114.67,54,32
74.44662,0.0001,76.513245,0.0001,17,21,22,22,0,18.880001,20,32
76.513245,0.0001,44.702717,2.5994081,21,21,22,22,11.280001,25.84,51,32
44.702717,2.5994081,32.565136,14.610626,21,16,22,22,18.880001,31.84,48,32
-14.617853,0.0001,-18.82469,0.0001,17,21,22,22,0,20,24,32
-18.82469,0.0001,-30.534555,11.042018,21,17,22,22,12,31.04,47,32
-30.534555,11.042018,-28.122911,0.0001,17,21,22,22,20,38.4,26,32
-28.122911,0.0001,-14.922911,15.919704,21,15,22,22,31.04,47.4,50,32
-14.922911,15.919704,5.7297215,-1.9524119,15,8,22,22,38.4,56.4,29,32
5.7297215,-1.9524119,8.841263,4.1036205,8,21,22,22,47.4,63.440002,36,32
8.841263,4.1036205,23.780514,30.371107,21,15,22,22,56.4,77.39,52,32
-13.297865,0.0001,-1.473756,9.028965,21,17,22,22,11.16,29.44,48,32
-1.473756,9.028965,3.1582258,0.0001,17,21,22,22,19,36.8,27,32
3.1582258,0.0001,-32.6956,-1.5241338,21,6,22,22,29.44,42.739998,59,32
-44.096016,0.0001,-35.583572,3.0584702,8,21,22,22,42.739998,58.78,35,32
-35.583572,3.0584702,-21.536974,30.133003,21,15,22,22,51.739998,73.479996,49,32
-79.690125,0.0001,-66.49711,29.076244,8,15,22,22,81.939995,104.34999,47,32
13.048166,17.900105,13.048166,54.85026,8,16,22,22,89.159996,102.99,51,2
13.048166,54.85026,-59.424118,92.122215,16,18,22,22,97.35,114.59,71,2
34.46396,15.579366,21.853556,24.11289,8,14,22,22,60.01,78.009995,44,2
-57.30642,0.623875,-61.987797,35.81419,21,17,22,22,94.57,114.009995,16,2
-25.321508,0.002875,-27.19735,0.002875328,2,3,22,22,17,24.64,13,2
-21.798096,0.002875,-11.226931,9.510748,21,21,22,22,0,14.08,44,2
-11.226931,9.510748,-16.66045,26.671997,21,16,22,22,7.36,24.08,40,2
-14.084718,0.002875328,-19.835548,-3.9303536,8,21,22,22,24.08,39.27,29,2
-21.297132,18.58871,8.83978,0.002875328,15,10,22,22,60.75,86.03,31,2
62.228416,0.623875,62.772522,0.623875,17,21,22,22,0,19.36,26,2
51.16272,0.002875,38.033543,15.248597,21,17,22,22,30.400002,47.760002,50,2
49.32899,0.002875,52.374966,-3.5521731,17,9,22,22,54.56,77.4,30,2
-36.37363,27.2001,-38.958126,27.2001,17,21,22,22,8,27.36,25,31
-8.46495,54.4001,-12.483387,54.4001,17,8,22,22,27.36,47.4,25,31
-63.17869,0.0001,-78.46351,29.555353,21,21,22,22,62.5,76.34,52,31
-24.47937,0.0001,3.8127778,8.315746,17,8,22,22,87.38,106.21999,31,31
3.8127778,8.315746,37.77206,43.799175,8,15,22,22,97.579994,121.21999,65,31
35.77397,27.2001,47.459286,53.508484,21,16,22,22,34.01789,47.05789,42,31
45.623672,36.784355,37.82172,36.436188,8,8,22,22,47.05789,63.79789,39,31
37.82172,36.436188,34.073593,41.72433,8,16,22,22,55.78789,69.37789,41,31
10.531307,54.4001,-6.0440288,73.52547,8,16,22,22,77.87789,90.747894,50,31
-6.0440288,73.52547,-63.588753,102.02769,16,17,22,22,85.52789,110.747894,60,31
1.433217,54.4001,5.8797297,54.4001,17,21,22,22,0,18.84,27,31
5.8797297,54.4001,18.764149,49.379517,21,21,22,22,10.92,26.119999,56,31
-28.085823,0.0001,-49.40885,0.000099897385,17,8,22,22,65.82,85.020004,30,31
-14.886394,64.71897,-9.48756,78.5494,21,16,22,22,10.459999,23.86,44,31
-26.075975,27.2001,-11.623645,48.834873,21,17,22,22,47.38,66.5,52,31
16.09328,0.002875,15.746219,7.057391,21,17,22,1,17,35.44,52,2
15.746219,7.057391,11.509271,0.002875,17,21,22,1,24.279999,42.239998,26,2
11.509271,0.002875,-1.7597734,20.207254,21,14,22,1,35.44,51.239998,47,2
14.334059,0.002875,-1.7056482,-1.9571155,17,21,22,1,51.239998,68.64,26,2
-1.7056482,-1.9571155,-20.338684,24.607216,21,16,22,1,61.92,78.64,50,2
39.589912,0.0089,47.151665,31.620008,8,15,22,17,33,55.8,42,28
20.150158,1.4089,18.971659,0.64256275,18,0,22,17,45.019997,48.019997,16,28
-29.759485,0.0089,-21.634659,26.33635,8,15,22,17,36.120003,54.120003,41,28
-55.557053,0.0089,-84.25759,-12.792334,13,2,17,22,82.74,92.29,43,28
40.15463,0.002875,39.53514,12.430544,2,11,22,15,83.53999,101.53999,26,2
15.521592,0.002875,35.705112,88.67905,21,15,22,15,35.52,57.47,65,2
21.358795,11.93281,20.758793,16.331215,55,8,1,3,36.93,53.39,46,3
-33.541943,0.0001,-63.46131,1.2928873,13,9,1,3,79.58,97.58,27,3
-63.46131,1.2928873,-39.244766,58.027752,9,16,1,3,87.68,102.58,66,3
-2.455855,0.0001,28.047112,0.0001,21,0,1,3,43.690002,48.690002,35,3
20.75777,12.042582,20.718021,24.423677,55,13,1,3,48.690002,66.53001,47,3
-44.921417,0.0001,-59.464287,7.04746,13,8,1,3,66.53001,83.00001,21,3
-49.05164,0.0001,30.205807,42.110638,15,18,1,3,105.08001,120.38001,61,3
-35.496853,11.751158,-9.1725,3.3320684,55,15,1,3,33.09,51.31,52,3
-19.71639,0.0001,-11.811566,0.000099897385,2,3,3,1,61.19,71.19,12,3
-9.295924,0.0001,20.575197,0.0001,21,11,1,3,109.07001,129.84001,30,3
16.14887,11.766491,15.028871,8.514202,55,8,1,3,18.800001,35.260002,46,3
-12.436624,11.986958,-12.739374,15.627633,55,8,1,3,42.260002,57.590004,48,3
-12.739374,15.627633,-28.214054,26.473751,8,15,1,3,49.220005,72.590004,43,3
-7.278871,0.0001,-13.256397,56.312252,9,16,1,3,86.54,101.54,58,3
25.403843,0.0001,22.41266,0.0001,2,3,15,4,33.44,39.44,13,31
-10.08187,50.390102,-6.5323076,65.46173,16,8,1,18,0,22,30,31
-12.9570265,64.34464,-5.1361413,71.85995,8,15,1,18,34,57.28,44,31
-10.913,54.4001,1.427666,58.48081,2,11,1,18,110.95,132.95,29,31
21.710735,0.0001,28.834158,0.0001001358,15,21,1,18,0,19.1,22,31
35.978767,-1.1334152,25.578127,64.68016,8,16,1,18,80.85,94.85,62,31
-3.40923,69.91466,8.090521,89.13762,55,15,1,18,48.91,70.32,45,31
-44.58438,23.450098,-50.875515,23.450098,17,21,1,18,59.05091,79.59093,42,8
-11.6049595,0.0001,-9.149391,0.0001,17,21,1,18,86.59093,94.66093,25,8
21.025728,0.0001,25.305347,0.0001,17,21,1,18,94.66093,106.300934,35,8
20.100655,0.0001,16.8861,0.0001,17,21,1,18,16.83,24.720001,26,8
21.85404,0.0001,30.162283,-2.1286633,13,21,1,18,18.449999,30.609999,19,8
44.676193,14.1639,45.011192,27.876787,55,16,1,18,33.61,46.07,45,8
45.011192,27.876787,56.884,89.58581,16,15,1,18,41.07,66.54,58,8
51.1041,39.275455,64.80334,70.45955,55,15,1,18,82.78,102.259995,47,8
37.15964,35.02509,42.602272,23.450098,17,21,1,18,5.73,14.84,41,8
16.00699,0.0001,4.340852,0.0001001358,13,21,1,18,5.73,22.73,25,32
-61.686195,5.012084,-55.676853,13.334997,8,15,1,18,27.279999,51.28,39,32
-14.043732,0.0001,-6.794228,26.464466,16,15,1,18,16.1,47.93,50,32
80.61937,0.0001,70.69004,-0.3442806,8,21,1,18,0,17,31,32
46.765537,45.421158,42.946995,28.312511,16,13,1,18,8.22,37.05,67,28
7.985199,0.0089,13.818747,0.0089,17,21,1,18,91.83,98.43,23,28
-50.033894,30.142199,-42.574284,30.142199,17,21,1,18,0,18.869999,43,28
-33.71776,0.0089,-0.08947593,33.97688,8,15,1,18,39.43,65.68,45,28
32.910122,46.224815,16.80005,104.15265,8,15,1,18,76.84,99.01,60,28
-60.058205,0.0089,-65.65479,0.0089,17,21,1,18,102.01,114.450005,25,28
-63.421337,0.0089,-70.79316,0.008899689,8,10,1,18,34.89,58.17,53,28
-37.570724,30.142199,-43.53034,30.142199,17,21,1,18,87.369995,106.29001,40,28
59.979073,6.7076,51.53592,1.1157497,13,21,1,18,0,15.54,23,28
4.485664,0.0089,2.7920148,-0.53571504,2,3,1,18,15.54,23.54,14,28
-11.89087,0.0089,16.452702,19.457224,8,15,1,18,30.54,57.09,45,28
40.333736,25.0001,47.85266,25.0001,15,21,1,18,0,20,23,3
44.974705,25.0001,43.755867,22.19209,16,21,1,18,12,21.15,26,3
-7.4783716,0.0001,-1.6133077,0.0001,17,21,1,18,26.73,37.46,22,3
77.72388,0.0001,59.22238,39.90215,20,16,1,18,56.159996,75.159996,48,3
37.332703,25.0001,28.216887,24.957743,2,3,1,18,87.99,95.99,27,3
24.024437,48.992874,22.46047,22.26427,16,2,1,1,0,9,26,2
-58.67114,0.623875,-53.29225,0.54580843,17,21,1,1,52.92,64.36,45,2
-2.1712031,0.002875,12.981441,62.858295,16,14,1,1,64.36,84.23,51,2
-24.035519,17.456635,-24.035519,25.336037,55,15,1,1,104.39,125.35,42,2
50.025993,0.002875,47.219765,0.13823235,16,21,1,1,0,17.560001,23,2
-63.97824,12.267287,-73.69735,22.39834,8,15,1,1,54.32,76.520004,39,2
53.287308,0.54446936,50.289326,0.0028748512,16,21,1,1,0,16.58,24,2
58.671146,0.623875,51.960728,0.18993829,17,21,1,1,41.54,59.809998,43,2
-5.494414,17.040834,-5.494414,12.059721,55,21,1,1,59.809998,71.42,39,2
2.5810163,42.7501,11.640479,61.160133,16,15,1,1,35,63,42,2
-5.2627306,42.7501,-0.13965958,42.7501,17,21,1,1,83.19,96.560005,32,2
27.227222,22.1251,23.729061,22.454824,16,21,1,1,0,21.83,31,2
-37.891613,16.1251,-47.456085,23.50748,16,16,1,1,33.83,50.170002,48,2
-47.456085,23.50748,-59.5507,60.206257,16,15,1,1,45.920002,75.31,53,2
-60.26194,0.623875,-43.59695,0.47055674,8,21,1,1,20.7,36.95,28,2
50.171265,16.78558,60.70559,0.62387514,55,6,1,1,34.57,49.03,44,2
48.75742,0.002875,44.021713,0.002875,17,21,1,1,49.03,60.379997,31,2
-4.6005177,0.002875,-19.403603,65.14843,16,16,1,1,60.379997,81.76,54,2
-29.373878,0.002875,24.172047,32.060196,6,15,1,1,153.40002,174.35002,57,2
-7.696101,16.566822,-16.532156,-1.9047112,55,0,1,1,8.01,15.469999,35,31
-7.6257887,16.629837,-7.6257887,6.0065475,55,8,1,1,15.469999,30.82,33,31
20.011837,27.2001,36.212166,66.31598,16,16,1,1,52.050003,80.71001,69,31
-62.271122,0.0001,-65.42475,0.0001,17,21,1,1,92.47001,104.930016,25,31
8.031177,0.0001,7.3701944,0.0001,17,21,1,1,0,12.14,30,31
-0.21935476,0.0001,-1.2938867,0.0001,2,3,1,1,13.549999,21.07,8,3
-50.124096,42.1288,-50.124096,31.565678,55,16,1,1,69.73,81.530014,45,3
-36.02218,17.43174,-22.862999,29.136026,55,15,1,1,105.360016,125.42001,38,3
43.019066,0.0001,44.280056,0.0001,17,21,1,1,0,12.549999,29,3
-1.163023,0.0001,-1.9231937,-1.8360176,5,5,1,1,56.07,59.8,27,3
-16.55348,0.0001,-13.317771,0.0001,17,21,1,1,66.009995,78.56,31,3
37.719215,0.0001,13.688297,81.248924,16,16,1,1,78.56,96.11,81,3
48.566174,25.0001,-1.1142275,78.85054,16,14,1,1,58.35,81.49,65,3
-65.09221,16.492348,-65.09221,-2.1653018,55,21,1,1,0,12.28,35,3
-9.182634,16.602118,-9.182634,-1.695161,55,21,1,1,12.28,23.74,37,3
-63.57683,16.679388,-54.000145,-0.20565069,55,21,1,1,23.74,34.5,38,3
0.50852144,16.780254,-9.786683,-1.4584212,55,21,1,1,34.5,44.8,41,3
-11.380583,0.0001,-26.19786,50.622334,16,17,1,1,58.420002,74.42,54,3
-79.377045,0.0001,-73.17923,0.0001,17,21,1,1,93.700005,106.990005,44,3
80.96603,0.0001,82.86492,0.0001,17,2,1,1,123.35001,132.54001,25,3
54.983986,16.566822,54.983986,8.503779,55,8,1,1,8,24.46,30,32
54.983986,8.503779,51.0118,0.0001,8,0,1,1,15.459999,24.46,30,32
55.431255,16.689657,64.629845,5.187192,55,8,1,1,24.46,39.62,35,32
70.93154,0.0001,80.13381,25.642529,16,15,1,1,39.62,67.619995,40,32
40.82229,17.110134,40.82229,14.939834,55,8,1,1,67.619995,82.50001,39,32
40.82229,14.939834,56.838673,40.185596,8,15,1,1,74.40001,96.450005,55,32
-4.6242776,10.6501,-11.18346,0.0001,0,5,1,1,0,4.64,35,32
-3.3176258,16.663069,5.909701,2.589911,55,8,1,1,21.75,37.760002,36,32
77.415535,0.0001,95.73805,65.48724,16,15,1,1,67.76,95.16,63,32
19.244518,0.0001,15.160054,2.0095308,16,8,1,1,4.95,28.07,33,32
26.20766,16.751621,26.20766,8.683375,55,8,1,1,28.07,43.449997,34,32
26.20766,8.683375,37.54799,-0.9424586,8,8,1,1,35.53,50.739998,36,32
63.275208,0.0001,49.085247,59.42819,16,15,1,1,57.739998,88.75,55,32
-66.64387,17.461622,-66.563866,12.915784,55,11,1,1,105.20999,125.08999,51,32
16.652245,26.450096,16.652245,22.67927,16,8,18,1,43.489998,68.49,37,8
16.652245,22.67927,-30.60595,40.058197,8,14,18,1,56.489998,80.06,58,8
-30.60595,40.058197,-67.14816,46.606167,14,14,18,1,68.49,90.72,39,8
38.34978,21.510784,13.600574,7.7970366,55,8,18,1,29.09,42.09,33,8
-39.419888,21.381182,-60.070045,17.040907,55,14,18,1,74.15,87.87,48,8
-47.6504,23.450098,-45.31637,23.450098,17,0,18,1,0,13,35,8
-50.133812,44.885593,-39.00248,24.80269,55,0,18,1,13,16.880001,35,8
-50.969387,44.75481,-71.41551,24.802689,55,0,18,1,16.880001,20.44,37,8
22.57223,0.0001,13.027424,12.757681,8,8,18,1,46.36,64.55,45,8
21.546898,0.0001,89.70123,29.312704,8,17,18,1,86.33,106.12,66,8
-36.08825,23.450098,-5.2896605,11.728569,8,8,18,1,37.85,54.589996,44,8
-5.2896605,11.728569,-64.522484,19.326569,8,14,18,1,46.579998,71.07,85,8
-45.785904,52.743237,-87.56507,23.38242,14,15,18,1,86.62,107.990005,35,8
-15.214946,22.264233,-9.975151,23.33554,55,8,18,1,63.6,80.6,40,28
8.259695,65.34762,12.529489,78.431114,16,14,18,1,80.6,101.35,51,28
4.68971,21.883617,19.049574,14.60366,55,8,18,1,43.89,56.41,36,28
38.58675,30.2426,51.5835,43.256004,8,16,18,1,46.75,71.71,60,28
51.5835,43.256004,54.747883,29.866577,16,20,18,1,59.75,84.71,51,28
36.633003,51.834373,64.613174,34.403137,55,8,18,1,35.6,51.239998,37,28
64.613174,34.403137,77.77933,34.51941,8,14,18,1,39.239998,64.11,51,28
28.800776,21.437555,39.9322,1.3526907,55,0,18,1,13,17,35,32
27.95906,21.32136,7.519187,1.3526907,55,0,18,1,17,20.64,33,32
32.204422,0.0001,40.033455,1.352691,8,0,18,1,32.96,42.96,40,32
27.917837,21.698978,-1.1262547,8.16852,55,8,18,1,42.96,57.28,37,32
-4.2395983,0.0001,-4.2395983,14.789339,16,8,18,1,60.48,80.75,30,32
-64.81928,0.0001,-59.578888,0.0001,2,3,18,1,8.28,16.279999,23,32
-45.31748,0.0001,-81.723854,4.7025394,8,8,18,1,39.55111,60.741108,55,32
-81.723854,4.7025394,-52.797905,6.590829,8,8,18,1,52.55111,68.211105,46,32
-52.797905,6.590829,-81.940895,16.139961,8,8,18,1,60.741108,77.33111,47,32
-81.940895,16.139961,-35.936848,34.790985,8,16,18,1,68.211105,90.33111,65,32
-35.936848,34.790985,-24.89037,24.27181,16,14,18,1,77.33111,100.33111,64,32
-63.984898,0.0001,-67.491806,0.0001,17,0,18,1,16.5,29.5,35,32
-25.288725,21.715502,-12.620466,13.3608265,55,8,18,1,33.5,46.14,33,32
84.49145,22.343262,40.40336,20.685993,55,14,18,1,84.71001,96.93001,47,32
-25.945063,0.0001,18.01041,16.421991,6,14,18,1,96.93001,116.43001,52,32
-29.522484,0.0001,-27.188461,0.0001,17,0,18,1,0,13,34,32
60.190468,22.066698,99.852905,1.3526897,55,0,18,1,66.19,69.87,47,32
87.580696,22.113995,40.919888,1.3526902,55,0,18,1,69.87,73.23,51,32
52.66552,22.330688,76.20096,19.12511,55,14,18,1,73.23,85.810005,46,32
53.802773,0.0001,56.689114,0.0001,17,8,18,1,8,30,33,3
-6.3797417,22.104437,9.99512,20.51054,55,8,18,1,57.61,69.83,38,3
-30.172897,24.2701,-30.172897,31.165974,16,16,18,1,79.73,102.350006,53,3
-30.172897,31.165974,-30.172897,46.38946,16,16,18,1,91.560005,112.23,57,3
-30.172897,46.38946,-30.172897,68.79653,16,14,18,1,102.350006,122.03001,62,3
36.55823,25.0001,31.90922,24.28252,8,16,18,1,44.71,66.44,48,3
33.08348,25.0001,33.08348,27.060993,16,16,18,1,66.44,89.060005,46,3
33.08348,27.060993,33.08348,32.92177,16,16,18,1,78.270004,98.94,52,3
33.08348,32.92177,33.08348,45.714172,16,14,18,1,89.060005,108.840004,56,3
-45.497765,0.0001,-43.043148,2.0691016,2,3,1,18,30,38,13,3
-43.043148,2.0691016,-39.952614,2.8252678,3,5,1,18,34,39,16,3
-39.952614,2.8252678,-34.8493,-1.1110649,5,5,1,18,38,42.64,44,3
45.087112,21.928997,61.418488,1.827881,55,8,18,1,46,58.34,45,3
61.418488,1.827881,70.91568,8.287315,8,14,18,1,49.88,67.34,46,3
-38.355347,0.0001,-0.13401693,22.295362,6,14,18,1,102.11,121.71,50,3
-15.715469,0.0001,-14.265128,10.146263,8,8,18,1,38,54.760002,37,8
-59.712006,23.365099,-64.00432,31.15443,5,5,1,18,8,13.549999,46,8
5.1749306,22.81159,12.593473,42.0001,55,14,18,1,97.119995,109.03999,51,8
-35.60131,21.689165,-6.2428927,7.8576226,55,8,18,1,41.06,57.06,37,8
-6.2428927,7.8576226,-27.025084,35.974968,8,16,18,1,45.06,78.25,94,8
-45.913036,45.893703,-67.109955,44.650494,55,10,18,1,78.25,101.97,48,8
-28.993753,27.2001,14.026369,21.275543,8,14,18,1,41.5,63.1,56,31
28.880304,70.058334,76.0611,67.34676,16,14,18,1,83.990005,105.43,61,31
-10.373446,5.4901,-11.44714,6.6550455,2,3,1,18,8,16,9,31
25.879433,0.0001,26.976292,1.3526907,16,0,18,1,24.57,37.18,29,31
-21.047842,21.892878,-0.19134235,1.3526912,55,0,18,1,44.03,47.67,43,31
-3.5925703,21.60749,-24.505802,1.3526905,55,0,18,1,26.22,30.099998,39,31
-12.444041,21.514778,14.045474,2.990229,55,8,18,1,30.099998,42.699997,36,31
28.212837,27.2001,32.466904,24.379845,8,16,18,1,46.1,64.38,51,31
79.999176,26.285812,129.82556,16.71669,14,17,18,1,74.38,100.38,57,31
36.386818,22.1251,77.187775,26.684944,8,14,18,1,56.059998,75.75,48,2
77.187775,26.684944,116.074036,21.955162,14,14,18,1,63.53,84.45,46,2
4.4454,21.46703,-16.493118,1.3554659,55,0,18,1,17.7,21.7,35,2
-4.483837,21.380493,19.369814,1.5715767,55,8,18,1,21.7,34.07,34,2
16.858328,0.002875,9.930443,-0.35107934,8,8,18,1,30.3,48.489998,39,2
47.776176,22.3969,64.0679,20.337297,55,10,18,1,56.489998,80.49,38,2
32.3064,6.7500954,31.478674,10.51832,2,3,1,18,0,8,8,2
24.312218,19.8751,18.359093,10.595033,16,16,18,1,57.140003,79.24,49,2
18.359093,10.595033,6.865906,-0.963869,16,8,18,1,70.14,87.7,38,2
6.865906,-0.963869,60.1856,20.830593,8,17,18,1,79.24,100.7,62,2
1.6586436,0.0001,2.496518,1.0271406,2,3,1,18,4,11.639999,8,3
-48.143375,22.157288,-53.02715,22.035275,55,8,18,1,57.85,71.85,38,3
-53.02715,22.035275,-42.05197,38.259552,8,16,18,1,61.85,84.85,62,3
-42.05197,38.259552,-39.26775,46.71005,16,10,18,1,71.85,104.85,47,3
-30.378407,25.0001,-6.704859,10.50264,8,8,18,1,26.240002,41.810005,38,3
3.1248355,21.989845,-1.2532516,18.368162,55,8,18,1,47.450005,61.29,36,3
-58.310192,22.280458,-77.883865,7.9740515,55,14,18,1,68.29,81.89,51,3
-77.883865,7.9740515,-103.07438,-4.286323,14,14,18,1,71.89,90.99,39,3
-51.947437,22.633337,-28.621174,29.174377,55,16,18,1,90.99,107.549995,49,3
-28.621174,29.174377,-19.239193,50.13222,16,16,18,1,94.549995,119.38,59,3
-28.817432,25.0001,-25.855822,28.462059,2,3,1,18,41.72,49.72,13,3
-25.855822,28.462059,-22.106197,31.029072,3,5,1,18,45.72,50.72,16,3
-22.106197,31.029072,-17.246307,32.38807,5,5,1,18,49.72,53.45,42,3
20.331423,21.380373,-0.6219034,1.3526907,55,0,18,1,12.09,15.89,33,3
29.83266,25.0001,2.075388,7.72261,8,14,18,1,31.5,49.55,43,3
-37.67155,0.0001,27.974648,8.100061,14,14,18,1,99.13,117.619995,63,3
50.48343,23.459925,16.414791,61.526413,55,16,18,1,141.37999,158.09999,60,3
85.25848,0.0001,100.34069,4.716459,14,10,18,1,40.100002,66.12,28,3
-7.708832,21.624557,13.195572,1.3526902,55,0,18,1,27,31,35,32
1.14148,21.535917,-24.37406,7.0532947,55,8,18,1,31,43.64,34,32
-77.61725,22.197855,-82.66041,22.317192,55,8,18,1,60.78,73.560005,39,32
-82.66041,22.317192,-97.12248,41.79355,8,17,18,1,64.26,86.560005,63,32
-77.24237,21.2841,-56.80279,1.3526908,55,0,18,1,15.349999,18.869999,33,32
-81.24293,21.435572,-60.30478,1.3526902,55,0,18,1,16.43,19.710001,33,32
-34.49087,21.742989,-52.02468,1.3526907,55,0,18,1,35.79,39.07,43,32
-39.913486,21.643887,-1.106164,1.3526909,55,0,18,1,39.07,42.11,39,32
-13.219236,21.692236,-48.023434,1.3526907,55,0,18,1,42.11,44.95,42,32
-35.88506,21.714865,1.9898319,1.3526912,55,0,18,1,44.95,47.63,40,32
4.7231755,0.0001,46.1229,17.405008,8,14,18,1,62.800003,80.990005,44,32
72.52627,0.0001,123.21412,0.6730511,14,14,18,1,80.990005,103.61001,53,32
64.64005,22.905807,72.310425,39.555275,55,14,18,1,103.61001,114.48001,51,32
39.996613,21.934814,25.684935,18.091204,55,8,18,1,46.52,58.08,35,2
25.684935,18.091204,53.971115,19.580166,8,14,18,1,50.52,67.880005,44,2
0.2949732,0.002875,-1.4682872,0.17239207,2,3,1,18,15,23,13,2
-1.4682872,0.17239207,-10.437329,0.002875328,3,5,1,18,19,24,16,2
-9.199122,2.9178748,-14.949035,7.93099,5,5,1,18,24,29.06,46,2
29.971525,22.963776,57.626926,39.75239,55,15,18,1,110.939995,123.81999,54,2
23.15099,27.3751,-2.0795267,1.3554657,8,0,18,1,16.8,25.8,39,2
23.375088,0.002875,29.864197,0.23362958,8,2,18,1,29.439999,42.52,37,2
-56.702065,2.4097183,-75.387695,-12.9888735,53,9,18,1,0,13,22,2
-49.647263,0.002875,-65.96863,-8.275573,14,2,18,1,13,37.55,58,2
-9.164795,21.955858,5.140583,19.970732,55,8,18,1,47,60,34,28
5.140583,19.970732,12.586246,25.87853,8,16,18,1,51,72.479996,47,28
12.158507,51.4254,12.158507,71.5685,16,14,18,1,83.92,104.25,44,28
12.158507,71.5685,46.873848,68.78483,14,14,18,1,94.45,113.25,42,28
74.26525,0.0089,89.76069,-2.3206396,16,14,18,1,119.13,135.48,41,28
34.664318,52.580082,53.525642,48.82686,16,10,18,1,142.48,164.67,54,28
-50.11822,30.142199,-88.367455,23.242695,8,15,18,1,35.420002,56.420002,51,28
-43.621,0.0089,-85.7028,5.2877884,8,17,18,1,56.420002,78.42,50,28
-34.48759,21.548218,-23.283806,10.590981,55,8,18,1,22.79,35.24,31,28
-46.67337,52.04225,-42.435688,45.192028,55,8,18,1,42.800003,55.480003,36,28
-42.435688,45.192028,-5.604697,46.392464,8,14,18,1,46.08,68.22,51,28
-5.604697,46.392464,30.335512,39.755184,14,14,18,1,55.480003,79.92,46,28
30.335512,39.755184,75.21084,26.922108,14,7,18,1,68.22,92.92,53,28
71.65723,22.691158,96.57186,21.201393,55,10,18,1,93.92,117.52,56,28
-8.527091,0.0089,21.239489,7.8519363,6,8,18,1,51.5,71.78,38,28
21.239489,7.8519363,7.2327437,23.795574,8,8,18,1,63.5,79.34,45,28
7.2327437,23.795574,46.13935,43.97278,8,16,18,1,71.78,91.81999,51,28
46.13935,43.97278,61.4383,35.894535,16,14,18,1,79.34,101.31999,64,28
0.8565647,42.0001,-11.960718,56.40833,21,15,22,1,23,45.36,50,8
21.737003,0.0001,16.576687,6.593922,21,17,22,1,0,18.880001,47,8
16.576687,6.593922,20.075624,0.0001,17,21,22,1,7.84,26.240002,26,8
34.43676,23.450098,19.204437,30.253162,21,8,22,1,45.56,60.88,65,8
19.204437,30.253162,15.560436,24.393112,8,16,22,1,52.600002,70.880005,48,8
43.71853,23.450098,44.410294,25.779305,2,3,1,22,0,8,8,8
52.12391,23.450098,70.53711,65.8736,8,15,22,1,89.590004,105.340004,48,8
8.4362335,0.0001,12.900176,0.0001,17,21,22,1,0,18.92,23,8
12.900176,0.0001,25.341671,5.233012,21,21,22,1,10.92,26.2,52,8
5.328518,0.0001,19.929783,6.938529,21,21,22,1,32.84,44.519997,59,8
49.007767,-2.0431848,50.2143,-2.2945454,17,21,22,1,0,19.04,22,8
50.2143,-2.2945454,62.715805,3.5092945,21,21,22,1,12,25.68,52,8
5.696263,42.0001,-4.9915714,75.58675,8,13,22,1,80,100.37,46,8
-46.18995,-1.4561392,-23.866232,56.016033,8,15,22,1,100.37,123.200005,54,8
51.855896,23.450098,51.855896,121.80655,8,16,22,1,125.200005,141.97,67,8
27.439468,20.500164,32.68695,18.894213,55,16,18,20,16,32.64,64,28
-40.452988,1.779451,-4.9558153,-2.64851,53,0,18,18,19.51,23.51,32,28
-15.097237,2.1817808,16.771687,-2.64851,53,0,18,18,23.51,27.15,36,28
6.9180336,2.0641427,31.328228,6.320509,53,10,18,18,27.15,44.19,31,28
7.491823,18.587296,3.4060893,26.538725,55,8,18,18,16.279999,32.28,39,32
-61.81091,18.323006,-39.032234,18.432957,55,7,18,18,10,27,39,32
-60.319572,29.790085,-36.205486,35.542366,8,16,18,18,18,40,54,32
-49.73606,0.0001,-89.555725,9.297993,17,14,18,18,88.24,112.42,54,32
-46.995605,18.718025,-52.871952,23.016201,55,8,18,18,24.7,41.7,45,32
-52.593227,0.0001,-4.022318,46.422688,8,14,18,18,67.7,88.16,59,32
-16.787998,18.54504,-36.89252,15.7665205,55,14,18,18,19.91,32.989998,45,32
25,25,55.817303,51.24485,8,15,18,18,41.72,60.72,44,3
16.188416,18.324265,11.325167,14.292076,55,8,18,18,0,12.559999,40,3
-37.810024,19.210552,-58.15887,31.395256,55,14,18,18,57.010002,73.490005,56,3
-2.074614,0.0001,-6.334129,10.061548,19,8,18,18,185.50998,200.86998,35,3
-60.537113,18.296387,-45.414555,20.892784,55,8,18,18,3,18.16,37,3
6.4918714,18.391535,-10.7276945,18.325693,55,14,18,18,9,23,41,31
10.478137,0.0001,31.763065,-2.6573095,14,0,18,18,0,13,33,8
22.22388,1.7447127,54.042156,-5.475707,53,10,18,18,13,37,32,8
0.7297299,0.0001,-47.866966,42.861595,14,14,18,18,85.1,106.380005,56,8
-9.065393,0.002875,37.57425,-2.6545343,13,0,18,18,0,13.099999,61,2
6.535536,1.7623947,34.04099,-2.6545346,53,0,18,18,3.28,6.3199997,36,2
25.02914,2.0376291,50.427322,1.3391473,53,10,18,18,23.16,40.32,43,2
22.874645,0.002875328,-42.17524,63.877575,52,14,18,18,150.76001,179.97002,471,2
-6.0184813,1.8510611,25.514648,-2.657309,53,0,18,18,0,4,31,31
8.999788,0.0001,-5.1995487,7.6741433,19,19,18,18,13.099999,29.949997,60,31
-50.078167,0.0001,-52.652683,7.92193,19,19,18,18,40.589996,46.639996,28,31
-9.601105,0.0001,45.067696,27.2001,17,14,18,18,113.15381,134.34381,91,31
-35.220703,1.7398481,-27.361612,22.542688,53,8,18,18,12.349999,35.989998,448,32
-52.135986,18.918663,-55.36502,28.905596,55,8,18,18,36,52.72,57,28
-42.994774,0.0089,21.482372,-2.6485097,14,0,18,18,41.149998,58.549995,85,28
35.34316,0.0089,54.44836,2.6960342,9,9,18,18,10,37.28,127,28
54.619965,1.95244,77.18248,2.9694178,53,10,18,18,4,20.1,46,28
48.813328,0.0001,41.93366,7.0717587,16,15,1,2,20,51.83,48,32
-2.764041,0.000099897385,-32.0799,6.7113647,9,15,1,2,63.11,87.06,55,32
-33.120422,11.240026,-33.120422,-3.9931297,55,8,1,2,11.28,27.74,41,32
-7.902257,0.0001,16.416258,-3.8157887,13,21,1,2,38.66,53.739998,25,32
4.938589,0.0001,3.0583713,0.0001,17,21,1,2,60.860004,72.97001,29,32
32.05891,3.9700997,28.133478,-0.8639939,2,3,2,1,0,5,12,32
85.562416,0.0001,85.66222,0.0001,17,21,1,2,62.28,83.780014,45,32
56.515118,0.0001,51.914818,0.0001,17,21,1,2,83.780014,98.65001,32,32
25.097546,10.6201,26.53661,2.749998,2,3,2,1,25.900002,30.150002,12,32
26.53661,2.749998,25.19327,-2.5239139,3,4,2,1,27.600002,38.15,11,32
25.906754,0.0001,56.129093,0.0001,21,21,1,2,100.37001,108.62001,34,32
40.346817,0.0001,70.71622,0.0001,21,16,1,2,122.67001,139.17001,28,32
-48.023506,1.72507,-45.823334,0.002875,17,21,1,2,63.84,73.57,28,2
-45.823334,0.002875,-15.900995,0.002875,21,12,1,2,68.57,88.57,32,2
32.19955,11.954281,32.19955,23.005949,55,15,1,2,88.57,110.43,43,2
-4.8981695,11.196602,-4.8981695,-1.733577,55,8,1,2,6,22.46,39,2
-43.88427,0.002875,-60.724625,1.8504242,9,21,1,2,53.71,68.409996,49,2
40.023033,15.12563,42.974133,24.156794,16,8,1,2,0,22,25,2
36.26462,15.12563,30.124763,23.414454,16,11,1,2,22,51.96,37,2
7.716067,42.7501,-16.523197,40.49827,15,14,1,2,51.96,73.96,41,2
-10.19123,13.3428755,-18.997047,8.158565,2,3,2,1,0,5,12,2
-18.997047,8.158565,-20.267632,5.0144024,3,4,2,1,2,13,12,2
-17.205256,11.843401,-17.205256,14.8156805,55,8,1,2,76.96,93.15,45,2
-17.205256,14.8156805,-7.117231,44.543625,8,14,1,2,84.42,99.73,58,2
50.371086,0.002875,53.8836,0.623875,17,21,1,2,0,10.03,25,2
55.958652,17.712906,62.232475,3.060715,16,21,1,2,10.03,31.310001,52,2
53.981976,0.623875,81.495575,21.402067,11,21,1,2,42.04,64.64,66,2
-3.6536407,0.002875,-33.575977,0.002875,21,11,1,2,94.159996,115.939995,34,2
31.619001,27.2001,30.288834,27.2001,2,3,2,1,12.37,17.369999,12,31
30.288834,27.2001,29.372078,27.2001,3,4,2,1,14.37,25.369999,12,31
35.06698,27.2001,37.247192,27.2001,17,21,1,2,30,43.46,27,31
52.17696,24.570066,61.468277,54.110233,16,15,1,2,43.46,70.55,44,31
-47.197865,27.2001,-46.64802,27.2001,17,21,1,2,84.200005,102.240005,38,31
-35.848186,0.0001,-35.848186,3.7511833,19,13,2,1,26.369999,39.129997,38,31
53.341076,27.2001,57.191444,27.2001,17,2,1,2,168.3,183.91,41,31
41.05207,27.2001,39.781487,27.2001,3,4,2,1,83.72,94.72,12,31
38.073074,40.166428,38.073074,83.155914,55,15,1,2,198.14003,219.87001,57,31
-12.464607,0.0001,-4.4627542,-3.0543296,2,3,1,2,46.6,54.6,19,31
46.522816,0.0001,45.1476,0.000099897385,3,4,2,1,14.56,25.160002,12,31
-9.5758295,0.0001,-43.398167,0.0001,21,0,1,2,5,9.549999,34,31
64.35449,0.0001,56.15407,0.0001,17,21,1,2,87.17,107.47998,46,31
-10.736124,0.002875,-9.735949,0.002875,17,21,1,2,58.37,69.1,25,2
44.570976,10.973806,26.425934,31.86068,55,11,0,1,24,54.28,217,31
-22.40438,0.0001,-13.27082,6.5332265,3,11,0,1,41.91,66.01,126,31
-34.81883,11.555097,-15.619183,-1.9282551,21,21,1,21,15,33.6,460,8
12.237618,0.002875,6.40584,0.002875,17,21,1,22,15,27.46,26,2
-22.251406,16.1251,39.956306,20.286915,8,15,1,22,57.8,77.9,61,2
-41.27106,16.1251,-27.83391,24.692883,20,15,1,22,80.66,108.61,68,2
39.11372,0.002875,44.646744,0.002875,17,12,22,1,31.65,59.94368,32,2
35.49932,17.190275,5.1054106,3.3182132,55,15,1,22,74.15,86.97,45,2
23.931,0.0001,19.290085,0.0001,17,21,1,22,9,22.929998,32,31
-0.39446068,0.000099897385,25.43925,-5.364712,52,0,1,22,50.93,59.57,84,31
-55.27073,13.384008,-43.05421,35.900524,21,21,22,1,6,21.279999,20,31
-7.3504,0.0001,-2.2207994,0.0001,17,9,22,1,30.279999,55.28,35,31
15.720234,17.562359,26.391582,24.364147,55,15,1,22,100.98,120.86,41,31
12.653819,40.16808,8.456241,26.82223,16,15,1,22,22.919998,54.75,54,3
7.0746775,0.0001,-224.05855,42.165924,10,18,22,1,96.619995,116.619995,92,3
20.912094,8.190102,16.761848,0.0001,17,21,1,22,0,15.28,33,3
1.8434799,17.047985,12.646856,7.203049,55,11,1,22,45.929996,69.56999,38,3
42.384327,0.0001,45.47656,0.0001,17,21,1,22,24.009998,38.71,31,32
83.638855,0.0001,79.85439,0.0001,17,21,1,22,47.71,56.65,22,32
-6.607153,0.0001,-11.628074,0.0001,17,21,1,22,81.3,97.49001,34,32
-63.370262,0.000099897385,-39.46514,17.81908,52,16,1,22,97.49001,111.13001,82,32
14.445831,17.8214,14.445831,28.185488,55,16,1,22,126.750015,138.36,49,32
-20.418686,16.739582,-20.418686,-0.89262223,55,11,1,22,9,33.7,36,32
67.39753,8.900068,68.06351,11.939484,8,8,1,22,42.739998,59.929996,36,32
58.660767,0.0001,42.84243,7.570614,17,8,1,22,74.479996,105.6,298,32
42.84243,7.570614,21.990608,62.338924,8,16,1,22,97.59,110.6,56,32
-54.318462,0.0001,-75.21451,-1.110389,13,21,1,22,41.46,58.46,25,32
-10.582852,0.0001,-4.1419973,0.0001,17,21,1,22,78.92,90.17,29,32
27.794445,16.843254,27.794445,8.609445,55,8,1,22,20.46,36.829998,33,32
27.794445,8.609445,25.130646,0.05226791,8,11,1,22,27.919998,54.829998,33,32
25.130646,0.05226791,2.7518349,23.618046,11,13,1,22,36.829998,66.35,61,32
21.602108,16.862692,11.163325,-2.05441,55,8,1,22,25.960001,42.420002,41,8
-1.1499302,0.0001,-1.1499385,44.353012,8,15,22,1,87.19,111.19,49,8
13.003369,0.0001,17.91284,0.0001,17,21,1,22,76.299995,86.689995,20,8
-34.8579,0.0001,-38.052437,3.9470165,2,3,22,1,79.25,87.25,9,8
-21.371317,-4.555191,-23.252117,-3.3081605,56,13,22,1,20.4,50.6,88,28
-9.105148,0.0089,1.5546486,4.4861016,8,15,22,1,50.6,74.6,46,28
9.969815,16.981415,12.0943775,-5.309155,55,0,1,22,34.38,41.84,39,28
20.091286,17.04443,27.891315,4.5219617,55,11,1,22,41.84,66.64,41,28
-12.270838,16.833574,-21.08132,-5.355912,55,0,1,22,18,25.46,39,28
-12.149379,16.896591,-3.3388977,-5.355912,55,0,1,22,25.46,32.26,40,28
15.029714,0.0089,16.689188,0.0089,17,21,1,22,66.229996,76.28,25,28
63.9076,0.0089,48.91215,77.789375,8,16,22,1,110.05,125.05,66,28
-0.17398842,17.194374,-0.17399354,9.070273,55,11,1,22,58.079998,83.54,43,3
5.82837,0.0089,-9.130678,19.900661,8,16,22,1,69.14684,84.14684,51,28
-1.7691882,17.415695,-1.7691941,10.9620905,55,11,1,22,81.759995,102.21999,47,28
-28.510641,0.0089,-31.426533,0.0089,17,7,22,1,26.46,47.46,27,28
-19.84889,16.694973,-19.84889,-2.8598845,55,11,1,22,3,28.46,41,28
37.36652,38.34348,11.176832,49.302517,11,15,1,22,34.85,61.85,61,28
-15.088099,51.4254,-27.389374,120.98272,11,16,1,22,61.85,83.409996,80,28
19.812824,16.4929,19.812824,4.642745,55,8,1,1,0,16.46,33,8
-11.089188,0.0001,-4.554717,1.0038323,11,2,1,1,27.38,49.379997,61,8
2.858186,16.564234,-5.977868,-1.9047111,55,0,1,1,8.139999,14.599999,36,8
-6.936412,16.93642,-6.936412,7.9913387,55,8,1,1,48.809998,65.27,39,8
-1.6448505,16.973196,-1.6448549,13.8010435,55,8,1,1,52.79,69.14,37,8
24.138227,17.19514,24.138227,18.340158,55,11,1,1,76.95,97.409996,39,8
2.4666479,16.555918,11.302702,-1.9047114,55,0,1,1,7.46,14.259999,36,32
55.70985,0.0001,46.886227,0.0001,17,21,1,1,20.48,30.3,35,32
-53.136707,0.0001,-47.52407,0.0001,17,21,1,1,34.46,47.82,23,32
-63.751385,0.0001,-41.031967,9.708241,19,8,1,1,115.35,130.63,53,32
-35.221222,16.622261,-40.922234,-1.8579544,55,0,1,1,14,21.46,37,32
-14.762767,0.0001,27.97036,18.268568,8,13,1,1,48.6,72.6,48,32
-84.859184,17.389181,-84.859184,17.105043,55,11,1,1,97.119995,117.579994,46,32
19.80172,1.8731612,19.864723,0.0001,17,21,1,1,21.98,35.14,29,32
28.758045,0.0001,-16.455996,12.634549,8,13,1,1,90.86,114.14,44,32
-15.243856,0.0089,-16.635496,0.0089,17,21,1,26,0,8.6,27,28
-53.707222,7.8746753,-50.89295,2.7107077,19,19,26,1,61.659996,74.56,24,28
9.114851,54.4001,21.045195,84.00514,11,13,1,18,26.46,55.5,117,31
-55.80523,56.16326,26.57185,34.59092,18,15,1,18,101.04999,62.609993,2463,3
36.075806,11.456772,6.694819,-2.7983556,55,6,1,2,50.739998,63.379997,46,28
-36.20556,30.142199,-60.062447,36.38828,14,2,1,2,72.38,87.93,37,28
-60.062447,36.38828,-58.742023,34.123234,2,11,1,2,83.93,105.93,24,28
12.604242,0.0089,42.826595,0.0089,21,0,1,2,36.61,41.06,34,28
-45.023712,11.923337,-13.437141,17.532433,55,14,1,2,103.77,114.53,47,28
-13.708353,0.0089,-18.948565,0.0089,17,21,1,2,20,31.580002,23,28
4.721291,11.138386,4.7807913,0.15009427,55,21,1,2,0,12.46,37,3
-13.628784,12.034666,-13.450284,15.537505,55,11,1,2,97.36,117.56,50,3
-7.8872547,11.985367,29.97485,25.0001,55,14,1,2,111.01001,120.01001,49,3
-1.4062496,0.0001,-1.2304518,0.0001001358,2,3,1,2,130.01001,138.01001,30,3
48.077507,11.87965,13.426678,19.065744,55,13,1,2,99.090004,114.91,45,3
14.011663,12.116457,-25.88224,24.278212,55,13,1,2,126.73,141.61,49,3
42.789707,9.4501,49.170895,5.6912823,13,21,1,2,15.73,29.73,17,31
0.5841571,8.500099,21.752762,11.12039,8,15,1,2,55.559998,73.56,46,31
54.881943,0.0001,56.152527,0.000099897385,3,4,2,1,80.16,91.16,12,31
1.1194624,11.387866,1.2979674,2.2161436,55,11,1,2,27.05,52.51,41,31
1.2979674,2.2161436,20.17125,17.27068,11,15,1,2,34.51,66.159996,58,31
25.492228,0.0001,29.642454,0.0001,17,21,1,2,36.31,49.77,27,31
-12.64755,11.663403,-12.64755,10.326668,55,11,1,2,57.23,82.03,43,31
-42.28459,12.658281,-42.67791,16.1251,15,21,1,2,3,17,25,2
-46.69834,1.20007,-41.218132,0.002875,17,21,1,2,30.8,42.91,24,2
-18.275175,11.529242,-18.332676,6.1976743,55,8,1,2,42.91,59.37,42,2
19.530544,0.002875,20.909748,0.0028748512,2,3,2,1,49,54,13,2
-3.9617448,0.002875,-3.9617326,46.80282,17,14,2,1,90,124,77,2
14.28856,0.002875,41.548405,0.002875,21,0,1,2,29.45,34.45,34,2
56.069225,0.0001,61.215492,0.0001,2,21,1,2,60.379997,68.63,26,32
-0.4495969,0.0001,-12.383416,-2.1255434,13,21,1,2,37.6,50.37,18,32
-65.76503,11.637346,-65.40803,5.46205,55,8,1,2,54.42,70.88,45,32
-65.40803,5.46205,-42.432415,14.175655,8,14,1,2,61.879997,77.88,47,32
-23.415405,0.0001,-26.233109,0.0001,17,21,1,2,82.229996,93.83999,24,32
-40.583786,0.0001,-26.065876,-5.870119,13,21,1,2,28.8,42.129997,21,32
-1.5753837,0.0001,4.0496044,68.000565,17,16,2,1,105.67,134.67,88,32
-34.45458,0.0001,12.109801,22.544754,8,15,1,2,58.329998,79.33,53,32
-5.4607043,11.138386,-5.103704,-3.953949,55,8,1,2,0,16.01,39,32
41.402798,0.0001,55.34053,0.0001,17,0,1,2,40.72,48.18,31,32
48.932194,11.581352,48.753693,4.826878,55,11,1,2,48.18,73.45999,44,32
48.753693,4.826878,20.83674,55.58702,11,16,1,2,55.459995,78.45999,71,32
50.582516,11.968693,50.582516,26.610807,55,15,1,2,90.28999,112.249985,41,32
58.987667,0.0001,53.92073,2.4714293,6,15,1,2,112.249985,133.04999,51,32
25.584295,0.0001,26.89294,2.7467842,2,3,2,18,2.82,7.8199997,12,8
26.89294,2.7467842,28.110573,5.827313,3,4,2,18,4.8199997,15.82,12,8
-38.39342,0.0001,-53.88281,-3.0588183,17,8,18,2,37.93,62.93,30,8
-53.88281,-3.0588183,-63.80171,12.504401,8,14,18,2,50.93,71.63,48,8
14.417527,43.992085,10.626957,46.80339,2,3,2,18,15.82,20.82,12,8
39.960384,-0.15831326,41.269028,2.5883708,2,3,2,18,23.55,28.55,12,8
41.269028,2.5883708,42.48666,5.6689,3,4,2,18,25.55,36.55,12,8
42.48666,5.6689,59.627563,11.2498045,4,5,2,18,28.55,37.55,20,8
75.32213,0.0001,75.32213,6.6427646,16,14,18,2,52.09,73.1,38,3
59.133152,15.169868,65.32335,16.942402,55,8,18,2,73.1,86.1,51,3
65.32335,16.942402,15.746009,30.505545,8,14,18,2,77.1,94.9,60,3
-33.80114,13.8000965,-28.674728,7.533616,2,4,2,18,13,23,21,3
-46.584084,25.0001,-46.584084,25.274366,16,16,18,2,59.05,83.880005,45,3
-46.584084,25.274366,-46.584084,30.71995,16,16,18,2,72.05,92.18001,47,3
-46.584084,30.71995,-57.643097,11.316569,16,15,18,2,83.880005,101.18001,49,3
-48.336575,0.0001,-7.5683165,-12.881989,17,20,18,2,101.18001,127.18001,52,3
48.798264,15.305508,72.15489,21.569454,55,16,18,2,85.479996,101.38,53,3
72.15489,21.569454,76.272,13.452772,16,17,18,2,89.159996,113.47,65,3
78.59479,0.0001,81.837135,0.0001,17,0,18,2,18.2,30.03,33,3
2.1412685,14.466494,-2.026626,4.995776,55,8,18,2,30,43,40,32
65.463326,0.0001,29.041613,3.3779867,8,16,18,2,55.09,72.369995,48,32
16.372211,15.15024,10.299961,22.855635,55,8,18,2,72.369995,86.729996,47,32
-50.045654,0.0001,-56.432266,2.0384772,2,3,2,18,0,5,12,32
-29.653687,0.0001,-30.962332,2.7467842,2,3,2,18,5,9.6,12,32
-30.962332,2.7467842,-32.179962,5.827313,3,4,2,18,6.84,17.6,11,32
-6.0467196,14.563985,-10.359297,8.992878,55,8,18,2,36.35,48.229996,40,32
40.97949,0.0001,39.670845,2.7467842,2,3,2,18,17.6,22,12,32
38.20021,0.0001,38.20021,16.77853,16,16,18,2,61.229996,86.06,35,32
38.20021,16.77853,38.02115,17.095789,16,16,18,2,74.229996,96.85,51,32
63.766052,15.486845,38.44422,21.05629,55,16,18,2,96.85,110.95999,59,32
38.44422,21.05629,32.143543,35.340847,16,14,18,2,100.689995,120.95999,58,32
71.36434,0.0001,64.321884,12.639843,16,8,18,2,91.939995,109.939995,25,32
41.09753,12.390098,36.91737,6.1236095,2,4,2,18,13,23,21,32
-38.92431,15.263598,-61.63263,17.470604,55,16,18,2,82.509995,94.88,54,32
8.016062,0.0001,67.577034,23.326752,14,14,18,2,112.88,133.01,56,32
-0.29501677,60.5154,-1.8818784,61.583656,3,4,2,18,0,11,12,28
48.96115,30.2426,48.603027,33.00308,16,16,18,2,85.479996,105.23999,56,28
48.603027,33.00308,48.783028,42.349922,16,16,18,2,95.74999,114.07999,57,28
70.95649,14.464842,85.10056,3.2045248,55,8,18,2,32.94,45.94,41,28
86.74292,5.250898,82.923004,8.385338,3,4,2,18,25,36,12,28
82.923004,8.385338,94.28538,16.38088,4,5,2,18,28,37,20,28
25.58931,0.0089,1.0393271,0.008899927,17,8,18,2,70.94,94.3,35,28
-9.900573,51.4254,-9.900573,76.8921,16,14,18,2,107.3,129.13,57,28
18.298971,54.4001,18.298971,96.5153,17,16,25,2,60.28,89,72,31
32.97239,30.0704,47.895313,27.834381,56,0,25,2,89,96,29,31
-30.69381,27.2001,-30.69381,36.400383,17,2,25,2,32.34,53.45,51,31
-49.78887,27.2001,-49.78887,78.553825,17,16,25,2,66.45,98.45,89,31
-48.18822,27.2001,-49.406548,26.959566,2,3,2,25,0,5,12,31
-49.406548,26.959566,-50.33494,27.587324,3,4,2,25,2,13,12,31
-14.279133,42.7501,-14.279133,53.84295,17,2,25,2,22,49.019997,48,2
-42.47054,16.1251,-42.47054,44.49477,17,15,25,2,49.019997,83.72,68,2
43.801674,0.002875,14.155917,44.54499,9,16,25,2,99.28,124.28,63,2
26.238508,21.43937,26.238508,21.43937,17,2,25,2,0,30,43,2
-23.59746,0.002875,-23.59746,3.039722,17,2,25,2,18.3,45.07,50,2
-15.821019,0.002875,-17.337957,0.6371565,17,0,25,2,45.07,64.43,79,2
47.072906,0.002875,45.85458,-0.23766214,2,3,2,25,2,7,12,2
45.85458,-0.23766214,44.718235,0.3568678,3,4,2,25,4,15,12,2
-5.5023627,42.0001,-6.6886034,43.865143,2,3,2,25,0,5,12,8
-6.6886034,43.865143,-7.8249493,44.459675,3,4,2,25,2,13,12,8
-7.8249493,44.459675,-18.773727,37.808453,4,5,2,25,5,14,20,8
59.5,23.450098,59.5,23.26552,17,11,25,2,46.32,86.23841,77,8
44.396656,23.450098,44.396656,37.242092,17,2,25,2,29.439999,55.14,52,8
-25.991276,2.3544507,-17.321213,-1.5351661,56,2,25,2,12,26.2,28,8
-0.9472375,0.0001,-0.9472434,3.9318948,17,2,25,2,26.2,53.780003,60,8
17.458735,0.0001,11.5056095,55.378345,17,16,25,2,63.430004,97.11,76,8
-81.687965,2.7120638,-66.73712,0.63438225,56,0,25,2,66,72.37,30,3
20.897038,0.0001,15.53716,0.6343808,17,0,25,2,29.08,51.08,63,3
51.936337,25.0001,51.936337,25.406954,17,2,25,2,0,28.560001,41,3
-72.89101,2.7229857,-87.83992,0.63438034,56,0,25,2,67.83,74.83,30,3
-50.643147,0.0001,-50.643147,63.86409,17,16,25,2,81.200005,113.28001,105,3
-18.693308,0.0001,-17.474983,-0.24043709,2,3,2,25,3,7.76,12,31
-17.474983,-0.24043709,-16.338638,0.35409284,3,4,2,25,5,15.76,11,31
23.892483,0.0001,22.674158,-0.24043709,2,3,2,25,0,5,12,31
22.674158,-0.24043709,21.537813,0.35409284,3,4,2,25,2,13,12,31
72.52787,0.0089,72.52787,18.813364,17,17,25,2,43.84,84.32,71,28
72.52787,0.0089,-26.015537,58.269596,17,14,25,2,84.32,119.14,100,28
-8.772168,51.4254,-8.772168,55.801556,17,2,25,2,0,29,39,28
5.2742896,0.0001,-9.188906,23.51817,21,21,22,2,41.120003,55.200005,56,32
-9.188906,23.51817,-21.426975,63.565598,21,16,22,2,48.480003,61.200005,43,32
-32.68447,20.702274,-32.983944,33.29629,8,16,22,2,61.200005,79.4,44,32
-10.09708,0.0001,-4.856742,0.0001,17,21,22,2,11.88,30.72,28,32
-4.856742,0.0001,7.8669786,21.468184,21,21,22,2,22.8,38,51,32
7.8669786,21.468184,0.82709134,53.881977,21,16,22,2,30.72,43.88,44,32
-18.016043,12.105893,-19.838366,13.435757,8,16,22,2,52.88,67.4,45,32
-19.838366,13.435757,16.148237,19.30274,16,15,22,2,61.88,90.5,54,32
66.774506,0.0001,48.21259,45.114796,21,17,22,2,95.23001,114.55001,62,32
52.256485,6.5801,61.6929,1.1521558,2,3,2,22,39,43.7,12,32
45.521374,0.0001,39.303455,0.0001,17,21,22,2,34.34,52.34,30,32
39.303455,0.0001,24.110462,17.674326,21,17,22,2,44.66,59.72,61,32
20.580864,0.0001,41.848007,5.154944,17,8,22,2,76.52,94.42999,30,32
41.848007,5.154944,62.82023,17.545847,8,15,22,2,85.52,103.42999,63,32
33.62983,0.0001,-13.853712,13.478091,17,14,22,2,122.62999,141.23,47,32
-15.662643,0.0001,-14.534664,0.0001,17,21,22,2,0,20,27,32
39.05127,0.0001,27.621235,0.0001,16,21,22,2,31.04,53.579998,35,32
27.621235,0.0001,12.341555,20.25739,21,15,22,2,46.14,67.979996,60,32
22.378681,0.002875,25.906654,0.002875,17,21,22,2,0,20,28,2
25.906654,0.002875,37.49887,22.305452,21,21,22,2,12,27.279999,47,2
37.49887,22.305452,49.228313,48.81359,21,16,22,2,20,33.28,46,2
45.316875,22.1251,45.316875,22.1251,8,14,22,2,33.28,51.28,38,2
48.817135,0.002875,60.248165,13.81119,8,21,22,2,62.399998,77.9,42,2
26.22649,23.182861,35.359463,40.296894,8,16,22,2,77.9,91.7,51,2
56.661804,0.623875,56.661804,-1.3511789,8,21,22,2,38.84,55.84,39,2
56.661804,-1.3511789,71.64271,26.167645,21,21,22,2,47.84,63.12,57,2
55.600483,0.62387514,26.176867,16.004831,21,21,22,2,0,13.36,47,2
26.176867,16.004831,14.919937,38.98758,21,16,22,2,6.96,23.36,47,2
54.97589,4.253875,56.3179,2.5147967,2,3,2,22,0,5,12,2
56.3179,2.5147967,57.565563,1.94064,3,4,2,22,2,13,12,2
26.300293,20.321991,26.300293,17.56513,8,21,22,2,33.4,49.84,37,2
26.300293,17.56513,38.09903,59.089455,21,16,22,2,42.4,55.42,42,2
-28.589705,0.0001,-41.625206,27.334497,21,21,22,2,32.92,48.199997,50,8
-41.625206,27.334497,-35.203636,66.526566,21,16,22,2,40.92,54.199997,40,8
-36.46259,23.450098,-35.214928,22.875938,3,4,2,22,2,13,12,8
-36.54825,23.450098,-53.200584,45.121593,21,16,22,2,63.299995,75.619995,65,8
51.415043,23.450098,50.073032,21.711016,2,3,2,22,28.92,33.62,12,8
50.073032,21.711016,48.82537,21.136856,3,4,2,22,30.8,41.14,11,8
26.64815,0.0001,39.41083,30.53888,21,21,22,2,35.98,49.66,48,8
-6.4130473,42.0001,-19.853874,51.703537,21,17,22,2,20.04,37.32,58,8
-25.787142,0.0001,-18.762438,6.921743,8,21,22,2,37.32,53.76,33,8
-18.762438,6.921743,-27.568016,35.46175,21,21,22,2,46.32,60.559998,54,8
52.52857,29.9429,39.485462,53.98053,8,21,22,2,73.04,87.91,43,8
39.485462,53.98053,21.834652,90.42671,21,20,22,2,81.590004,103.91,62,8
5.5038905,42.0001,50.411877,23.71704,17,14,22,2,104.91,125.79,56,8
39.74252,23.450098,35.353268,23.450098,17,21,22,2,0,18.68,27,8
35.353268,23.450098,23.181547,39.66623,21,21,22,2,11.16,25.64,51,8
23.181547,39.66623,9.977305,51.206158,21,8,22,2,18.68,34.55,56,8
9.977305,51.206158,4.333854,52.678402,8,21,22,2,25.64,41.27,30,8
-10.929446,54.80891,-19.194828,54.43507,8,16,22,2,41.27,55.55,38,8
43.079617,21.913841,71.55394,104.928375,8,15,22,2,132.7,155.91998,66,8
-19.673018,61.712193,-22.254082,56.07326,18,18,22,2,0,5.73,14,28
8.027965,0.0089,4.8767285,0.0089,17,8,22,2,25.73,45.65,26,28
-0.91025066,0.0089,-14.529551,0.008899689,17,8,22,2,45.65,64.130005,29,28
-14.529551,0.008899689,-12.588915,6.1857495,8,21,22,2,55.850002,71.810005,42,28
-12.588915,6.1857495,-28.268118,32.100193,21,14,22,2,64.130005,80.810005,63,28
-30.298876,0.0089,-35.498894,-2.6040177,8,21,22,2,19.560001,35.96,30,28
-35.498894,-2.6040177,-30.69911,13.886091,21,21,22,2,28.2,43.079998,58,28
-3.3765547,0.0089,-143.3923,0.8306699,14,18,22,2,170.28,181.92,62,28
2.0287495,0.0089,8.622739,0.0089,17,21,22,2,0,19.279999,24,28
60.639336,0.0089,41.397396,48.69349,21,15,22,2,103.77,119.92,63,28
-6.1229486,0.0001,-17.847523,23.561932,21,21,22,2,15,30.279999,47,3
-19.479473,0.0001,-13.10392,1.6348593,8,21,22,2,30.279999,46.079998,33,3
-13.10392,1.6348593,-22.22199,27.763212,21,21,22,2,39.28,52.32,53,3
-22.22199,27.763212,-57.91581,38.856476,21,8,22,2,46.079998,60.69,63,3
-57.91581,38.856476,-64.6668,28.10385,8,16,22,2,52.32,70.69,50,3
-1.539914,0.0001,-10.05155,28.54879,8,15,22,2,82.450005,105.46001,47,3
53.736576,28.356298,68.25714,46.6201,21,15,22,2,36.66,58.46,58,3
86.77822,11.503022,90.98813,12.599278,8,13,22,2,58.46,76.46,49,3
-4.4274683,0.0001,-17.117292,3.6542735,21,17,22,2,12,31.04,59,3
-15.667492,0.0001,-14.392324,1.1600076,2,3,2,22,0,5,12,3
-36.97866,25.0001,-51.618244,42.067276,21,15,22,2,38.4,60.120003,59,3
-26.550379,41.841938,-26.72944,59.27789,8,21,22,2,85.020004,101.22,59,3
-26.72944,59.27789,-7.7414293,99.74666,21,20,22,2,93.3,117.22,65,3
62.3757,0.0001,69.289665,4.908575,16,21,22,2,0,22.539999,26,3
69.289665,4.908575,82.22756,16.814432,21,21,22,2,15.099999,29.339998,55,3
82.22756,16.814432,85.97592,45.327694,21,17,22,2,22.539999,41.339996,16,3
36.108223,27.2001,25.113472,50.038204,21,17,22,22,23,41.44,41,31
-43.34977,0.0001,-49.99749,0.0001,17,21,22,22,48.239998,65.16,24,31
-49.99749,0.0001,-64.81094,28.170712,21,21,22,22,58.68,71.16,51,31
-64.81094,28.170712,-40.700573,67.18596,21,17,22,22,65.16,81.48,38,31
-6.020216,0.0001,-24.637665,45.763348,21,21,22,22,99.740005,115.020004,57,31
-24.637665,45.763348,-13.480223,89.58489,21,17,22,22,107.740005,125.46001,63,31
-0.845562,0.0001,-21.419403,61.277046,21,15,22,22,127.56001,149.84001,58,31
21.186083,0.0001,19.00337,0.0001,17,21,22,22,15.48,35.48,22,31
19.00337,0.0001,7.151332,21.694574,21,21,22,22,27.48,42.76,44,31
2.1731675,0.0001,-3.4537113,0.0001,17,21,22,22,71.159996,87.479996,24,31
-3.4537113,0.0001,-19.00425,41.383625,21,21,22,22,80.759995,93.71999,50,31
-19.00425,41.383625,-38.460964,67.23189,21,17,22,22,87.479996,103.56,66,31
16.315313,14.136082,-3.992791,24.298935,8,16,22,22,69.840004,88.840004,49,31
-9.734718,1.9001,0.2704002,0.0001001358,2,3,22,22,97.840004,105.840004,24,31
-40.947445,11.3501005,-40.947445,79.336174,8,15,22,22,117.840004,141.48001,69,31
55.53763,9.188902,62.16413,0.0089,17,21,1,22,0,16.19,32,28
-62.740227,0.0089,-61.439896,0.0089,17,21,1,22,30.19,42.73,26,28
-27.69134,17.055334,-27.69134,10.473403,55,11,1,22,42.73,63.19,36,28
-65.592155,0.0089,-67.74791,0.0089,17,21,1,22,63.19,74.6,24,28
-44.341476,0.002875,-26.334667,10.213648,21,15,22,1,12,35,49,2
70.31534,0.0001,57.992107,48.93759,21,15,22,8,7,24,53,32
50.037514,0.0001,50.037514,20.627184,17,13,8,22,78.61,100.73,50,32
51.811207,0.0001,51.811207,9.096561,17,8,8,22,0,19,25,32
2.9156222,0.0001,4.3985224,0.0001,2,3,8,22,0,4.94,8,3
4.3985224,0.0001,4.978393,0.0001,3,4,8,22,2.94,8.940001,11,3
27.348671,13.1920395,27.348671,18.137922,55,16,8,22,40.86,63.86,44,3
-1.0872753,0.0001,-5.3658752,0.0001,2,3,8,22,63.86,68.810005,10,3
-5.3658752,0.0001,-6.9086494,0.0001,3,4,8,22,66.83,72.770004,11,3
-8.250679,12.899719,-8.250679,4.9835277,55,8,8,22,11,27.51,44,3
12.191683,13.020679,12.191683,8.679353,55,8,8,22,23.59,40.59,45,31
47.17991,25.6901,49.861305,21.854002,2,3,8,22,88.93,93.72,10,31
49.861305,21.854002,48.442524,24.312595,3,4,8,22,91.72,97.72,11,31
7.8855906,0.0001,22.238869,59.102318,21,16,22,8,31,45,58,31
42.312496,0.0001,67.76423,0.0001,13,0,22,8,57.1,66.1,29,31
-3.8707316,7.8001003,26.254356,-6.331369,14,2,8,22,5,23.739998,44,31
31.958748,0.0001,34.2393,0.0001,2,3,8,22,23.739998,28.469997,8,31
6.5554895,0.0089,1.435025,0.0089,17,21,22,22,19,38.04,25,28
1.435025,0.0089,-13.494009,0.18415034,21,21,22,22,30.04,45.32,58,28
28.629738,0.0089,-30.264965,16.59254,16,18,22,22,88.24,101.24,63,28
58.089943,0.0089,54.471375,0.0089,17,21,22,22,10.889999,30.89,21,28
-8.744853,0.0089,6.862056,6.4325767,21,21,22,22,41.93,56.010002,58,28
17.271399,0.0089,17.34559,0.0089,17,21,22,22,5.73,24.57,26,28
17.34559,0.0089,14.025691,-1.5309188,21,21,22,22,16.65,31.849998,56,28
-2.1097403,7.808901,24.334818,0.091142654,21,21,22,22,0,15.28,57,28
44.381832,0.0089,40.769444,0.0089,17,2,22,22,34.85,50.85,28,28
47.221546,0.0089,49.778294,0.0089,17,2,22,22,24.71,37.67,31,28
27.031641,1.6422334,8.336071,7.8544765,8,13,22,22,63.53,84.53,43,28
-55.809666,0.0089,-38.544064,38.56045,8,15,22,22,87.44,110.810005,45,28
6.850784,75.69702,39.61053,60.46468,55,13,22,22,81.17,95.17,46,28
-50.80718,7.808901,-53.660355,1.0420778,18,7,22,22,58.36,70.21,11,28
38.37328,28.640097,44.86748,18.184536,8,21,22,22,21.82,38.26,32,8
40.511444,0.002875,36.46643,0.002875,17,21,22,22,12,28.189999,17,2
-21.394907,1.902875,-37.865387,13.028274,21,21,22,22,52.64,65.68,62,2
-37.865387,13.028274,-54.231304,31.169586,21,15,22,22,59.44,80.68,61,2
5.523813,0.002875,9.148973,0.002875,17,21,22,22,22,40.92,26,2
-5.50822,0.002875,-33.19133,28.858662,21,21,22,22,55.96,70.12,50,2
-33.19133,28.858662,-33.164455,42.552277,21,13,22,22,63.32,82.12,59,2
6.0543995,0.002875,45.860542,30.300707,21,15,22,22,92.35,114.71,64,2
-40.03491,0.002875,-42.781578,0.002875,18,7,22,22,31.8,43.559998,10,2
-2.1177711,0.002875,4.1347284,0.002875,18,21,22,22,82.56,93.56,9,2
-12.72557,0.002875,9.70178,51.014763,21,21,22,22,123.71,138.98999,68,2
47.591774,0.002875,58.081516,3.9193883,17,21,22,22,50.15,68.350006,22,2
-1.8102133,0.002875,-20.307367,26.234066,21,15,22,22,82.75001,104.74001,62,2
13.071401,3.6128216,13.709554,-3.168982,18,11,22,22,177.54999,194.33998,11,2
75.70172,2.7159777,73.67633,8.470202,2,3,22,22,80.68,88.04,11,3
9.090391,0.0001,24.063805,4.483757,6,15,22,22,96.5,120.5,62,3
-53.463535,0.0001,-49.69026,0.0001,17,7,22,22,37.37,56.809998,34,3
-62.769623,6.8780785,-61.599537,32.66628,8,15,22,22,79.579994,103.579994,51,3
-30.127922,0.0001,-59.749256,12.939362,12,8,22,22,80.924,114.31768,133,3
-7.2294226,1.6300719,3.5567608,13.183726,21,14,22,22,4,20,46,3
54.496593,0.0001,-60.480774,15.94836,17,18,22,22,165.89769,180.17769,101,3
21.205807,0.0001,10.025405,15.222435,21,16,22,22,14.79,28.47,44,3
7.1373086,0.0001,20.748163,0.0001,17,21,22,22,28.47,46.989998,31,3
50.112396,0.0001,32.584324,-0.31394243,17,21,22,22,61.989998,79.79,29,3
26.313107,1.2369106,27.767822,2.5495589,2,3,22,22,31.470001,39.47,9,3
70.23546,3.6301,40.92236,33.571613,21,14,22,22,73.68,90.68,55,3
-47.84389,0.0001,-51.095135,4.1728187,2,3,22,22,69.68,77.68,10,31
4.725798,-0.7099026,13.645954,-6.215579,21,17,22,22,3,23,58,31
13.645954,-6.215579,9.884194,0.0001,17,21,22,22,11,30.36,25,31
9.884194,0.0001,-3.2218094,8.825371,21,21,22,22,23,37.08,55,31
36.525658,27.2001,-16.886845,12.119366,21,15,22,22,6.88,35.93,676,31
-6.011567,0.002875,-0.33367258,0.002875,18,0,22,7,29.46,32.25,13,2
-2.5165606,0.002875,31.338543,44.836227,21,13,22,7,45.62,62.62,65,2
23.284395,0.002875,25.791489,-2.6087146,5,5,7,22,61.629997,64.45,22,2
0.70687413,0.002875,-4.0646873,0.002875,17,21,22,7,0,19.52,27,2
-53.166763,0.51227033,47.820797,15.383137,6,14,7,22,80.93,109.58,754,2
27.802916,0.002875,41.33949,40.144638,21,21,22,7,21,36.28,56,2
-46.37872,-1.4954664,-17.459715,52.531616,9,15,22,15,25.46,52.41,54,8
-14.982426,0.0001,-9.131348,75.644745,6,6,22,15,82.99,91.99,68,8
-1.2377849,4.9483013,-53.909145,8.653957,53,18,22,15,44.09,53.53,47,8
-9.449365,0.0001,-8.547417,0.0001,17,21,22,15,57.53,76.729996,23,8
-10.746158,0.0001,-10.479179,0.0001,17,21,22,15,10.46,29.26,22,8
6.6707306,0.0001,8.23585,0.0001,17,21,22,15,29.26,47.1,21,8
17.644196,4.5995903,3.5592055,0.0001,12,21,22,17,45.31,68.75,162,32
77.10875,1.1539929,90.37337,7.035432,3,2,22,17,85.41,93.090004,36,32
39.931255,0.0001,39.62153,71.505875,21,16,22,17,20.189999,78.19,397,32
40.22809,6.3150787,52.842686,50.59987,21,17,22,21,0,20,66,32
52.90401,3.6301,51.304195,-4.625566,2,3,21,22,68.78,75.78,17,32
-63.28639,16.079098,-63.28639,54.94472,8,16,22,21,60.98,79.979996,64,32
-54.65171,4.281072,-64.24747,0.54336035,53,7,22,21,79.979996,114.36,674,32
10.704068,9.730101,25.207539,-4.8364296,13,21,22,22,12.82,32.82,24,3
-28.627079,2.530102,-24.915642,0.0001,18,6,22,22,41.82,53.37,14,3
18.370272,0.0001,13.917379,2.2804992,17,21,22,22,56.129997,75.81,27,3
13.917379,2.2804992,20.991093,32.868774,21,15,22,22,68.13,84.45,54,3
-6.9445186,0.0001,-13.283523,0.0001,15,21,22,22,0,17,19,3
5.9678597,0.0001,21.793337,0.0001001358,13,21,22,22,43.089996,58.889996,20,3
-72.51719,0.0001,-60.46043,1.6010802,21,15,22,22,5.73,28.73,49,3
-7.9108777,0.0001,-6.287958,0.0001,17,21,22,22,35.73,52.25,20,3
-57.13011,30.142199,-58.754463,30.142199,17,21,22,22,29,47.4,16,28
-58.754463,30.142199,-73.81637,38.97656,21,17,22,22,40.04,55.140003,58,28
-74.16514,0.0089,-75.90792,1.22716,2,3,22,22,31.76,39.6,9,28
-5.546217,0.0089,6.1677604,-1.3100599,21,17,22,22,0,20,51,28
6.1677604,-1.3100599,9.594892,0.0089,17,21,22,22,8,27.36,24,28
-8.462425,42.0001,16.49329,38.272663,21,13,22,22,30,46.44,65,8
14.4604025,1.9001,7.209907,30.498764,21,15,22,22,20,43,26,8
-1.5916008,4.2451,-2.6473076,0.0001,2,3,1,18,13,21,20,31
-58.359825,22.084791,-79.77845,-0.050156713,55,7,18,1,56.34,73.34,50,31
39.014828,0.0001,47.28385,3.0840545,2,3,1,18,81.05,89.05,25,31
47.28385,3.0840545,57.255177,0.0001,3,6,1,18,85.05,96.05,32,31
-19.291386,22.549698,-25.760565,28.328365,55,16,18,1,81.53,98.53,46,31
0.08427793,0.0001,30.821589,-2.3422244,13,6,1,18,63.519997,78.619995,31,31
-66.93054,0.0001,-64.96929,-0.619388,6,21,1,18,42.100002,51.350002,32,31
-34.38661,15.817112,-33.894108,42.661957,55,16,1,18,78.350006,90.810005,50,31
31.193521,19.384033,27.283361,22.504309,55,8,18,7,23,36,41,32
-51.280426,19.958641,-22.675318,34.00705,55,14,18,7,65.74,78.94,51,32
-22.675318,34.00705,17.012547,15.119906,14,14,18,7,69.54,86.68,41,32
59.99505,0.0001,63.133533,7.3730736,7,7,7,18,23.44,34.71,33,32
-41.795753,0.0001,-29.559929,1.5927511,9,7,7,18,23.119999,38.12,31,32
-29.559929,1.5927511,-14.280794,6.9711733,7,6,7,18,31.119999,48.12,38,32
21.97784,19.171385,24.772045,18.044788,55,8,18,7,10,22,38,32
-60.5971,11.225004,-98.31843,36.923084,8,15,18,7,26.749998,56.85,94,32
-74.529205,19.855343,-46.635704,32.154884,55,14,18,7,59.64,73.36,58,32
-19.698214,-6.235072,-34.850452,-2.9927702,56,0,7,18,12.950001,20.95,44,32
-19.698214,-6.235072,-5.478141,-2.9927697,56,0,7,18,20.95,28.23,46,32
73.82717,0.025399715,90.14047,6.220809,9,7,7,18,42.870003,57.590004,34,32
-17.528112,-6.235072,-31.748184,-2.9927707,56,0,7,18,0,8,45,3
2.1701365,19.007809,-0.8265279,13.21756,55,8,18,7,0,13,37,3
-18.66849,0.0001,-35.402596,-2.6073098,14,0,18,7,0,13,30,3
33.60902,0.0001,22.241415,5.418655,7,7,7,18,17,29.179998,32,31
28.532518,19.94019,34.008457,40.157246,55,16,18,7,57.72,74.72,47,31
40.755123,27.2001,54.173958,51.2013,16,16,18,7,74.72,97.340004,53,31
54.173958,51.2013,8.633072,74.22244,16,14,18,7,86.55,105.26,63,31
-8.11102,25.109077,13.37571,-5.3814116,17,12,7,18,29.179998,53.418617,57,31
-68.4,0,-69.06767,24.534103,7,13,7,18,53.418617,74.41862,36,31
-58.361713,19.367676,-62.236725,21.817297,55,16,18,7,22.880001,36.88,42,31
37.35988,27.2001,37.35988,38.407417,16,16,18,7,56.88,79.76,50,31
28.38248,27.2001,70.23783,22.454805,14,14,18,7,79.76,98.86,43,31
56.298985,0.0001,35.271156,31.845612,17,14,18,7,108.86,126.69,61,31
55.127415,0.0001,62.840393,8.265361,14,14,18,7,37.12,61.949997,41,31
-12.284179,19.511621,-7.729024,25.307777,55,16,18,7,31.27,44.07,44,31
-21.246479,0.0001,27.982561,31.586277,14,14,18,7,84.840004,105.990005,55,31
-32.77029,0.0001,-67.4441,40.497044,7,14,7,18,97.34,117.34,53,31
-37.939274,0.0001,-25.79049,10.342965,7,7,7,18,23,36.37,31,8
-22.361801,-2.9598846,12.505778,18.493616,14,14,18,7,63,87.83,47,8
13.629491,-6.235072,28.78173,-2.9927704,56,0,7,18,7,15,43,8
-22.36372,0.0001,8.955412,-2.6073096,14,0,18,7,69.869995,77.869995,34,8
-10.069038,0.0001,26.166397,37.526825,6,14,18,7,89.67,107.69,53,8
-8.560382,0.0089,-28.030918,28.550465,6,16,7,18,54.381184,76.38118,44,28
34.982502,0.0089,14.383349,13.248615,7,14,7,18,53.82,71.86,42,28
4.5047016,0.0089,28.474855,37.09303,6,14,7,18,79.86,100.46001,61,28
3.6601868,0.0089,-10.326143,12.545688,6,7,7,18,44.6,59.199997,47,28
16.079771,62.89818,48.87101,110.50338,7,14,7,18,113.3306,132.20059,65,28
46.76911,2.029365,72.04285,-2.1822722,53,10,18,7,29.79,53.510002,31,2
-10.809609,0.002875,-11.881514,-1.7270929,2,3,7,18,0,7,13,2
-40.935013,0.002875328,-55.629555,15.47444,6,13,7,18,47.469997,69.97,44,2
13.090351,-6.232297,16.82656,17.689137,56,13,7,18,119.369995,141.09,48,2
-54.816097,19.631474,-57.827274,15.340041,55,8,18,7,0,13,36,2
-32.80051,1.502875,-38.91035,-0.9423425,3,5,7,18,39,43,19,2
-38.91035,-0.9423425,-32.464874,13.663741,5,5,7,18,42,48.46,49,2
-47.736816,12.075089,-47.736816,18.57932,16,14,18,7,24.6,47.6,38,2
-41.50605,0.002875,-38.221806,4.351261,2,3,7,18,48.46,55.28,13,2
-39.45389,3.870582,-65.09788,41.199387,8,14,7,18,102.68,123.68,62,2
-38.201115,19.593567,-42.663044,29.766857,55,16,18,7,36.96,49.64,42,28
-65.36839,0.0089,-65.36839,34.18654,9,14,7,18,102.19,123.19,46,28
19.614317,0.0089,4.716193,-2.5985098,14,0,18,7,25.79,38.79,35,28
-0.2851972,-6.2262726,14.867043,-2.98397,56,0,7,18,0,8,41,28
35.216377,0.002875,36.54992,0.002875,17,11,1,18,98.85177,119.58177,27,2
-20.95533,16.1251,-20.95533,17.744844,16,8,18,2,31.099998,54.1,38,2
11.249884,1.7924687,39.10223,-2.6573093,53,0,18,9,7,10.639999,41,3
-16.200014,-1.0929774,-9.418073,27.964592,14,16,18,9,42.48,64.31,51,3
53.250694,0.0001,93.76773,-10.133808,2,10,18,9,4,36,181,3
42.889275,0.0001,71.81403,-2.6573095,14,0,18,9,40,50,34,3
28.698687,27.3601,7.454148,62.765358,16,16,18,9,130.19,147.38,75,3
25.955149,0.0001,-22.28104,11.531211,87,16,9,18,17.124537,74.124535,2724,8
-39.734753,2.2001,27.280382,4.4898634,13,14,18,9,0,29.449997,391,8
-36.7828,23.450098,-67.62805,31.948547,14,14,18,9,62.14,80.55,64,8
-15.037478,21.384865,-30.228008,25.281021,55,14,18,0,20.97689,33.876892,63,31
-41.15409,31.7051,-37.066242,30.76534,14,13,18,0,33.876892,65.07689,103,31
-24.142813,0.0001,-56.60016,0.0001,10,12,0,18,0,49.04,176,31
-29.44232,24.533895,-12.723617,33.054844,14,14,18,0,67.659996,82.63999,39,28
-23.22022,33.35533,34.691513,20.278513,16,16,18,0,42.440002,81.76,239,32
2.0864272,9.104159,3.436925,6.894498,55,16,0,18,0,18.23,44,32
27.416817,0.0001,25.107683,0.0001,17,0,18,22,0,13,33,32
80.49724,1.9264807,100.93687,-9.595588,53,9,18,22,17,30,23,32
79.44711,0.0001,79.44711,3.4020672,16,8,18,22,43,64,33,32
-37.474773,0.0001,-36.76377,3.0618124,2,3,22,18,0,8,8,32
-33.16703,19.947412,-19.801233,3.9096577,55,8,18,22,31.130001,43.32,37,32
-42.445747,0.0001,-17.874397,-0.52808225,8,8,18,22,43.32,57.9,39,32
-17.874397,-0.52808225,-37.235336,7.790039,8,8,18,22,50.88,64.380005,37,32
17.636997,0.0001,-21.113007,22.075497,8,14,18,22,73.380005,89.060005,46,32
-60.341484,19.44839,-81.60147,-2.1073103,55,0,18,22,0,4,33,32
-65.29822,0.0001,-63.668514,3.202685,2,3,22,18,38,46,8,32
-35.6309,0.0001,-42.515545,-2.1073103,8,0,18,22,33.38,42.58,37,32
2.207638,0.0001,2.207634,13.342577,16,8,18,22,46.420002,67.340004,27,32
62.153374,19.655872,83.37137,-2.1073103,55,0,18,22,13,16.92,36,32
42.037933,27.2001,-2.9088657,14.118041,14,14,18,22,70.71,95.54,53,31
-51.955997,27.2001,-57.570454,45.236206,14,16,18,22,95.54,113.62,57,31
50.318333,19.963537,62.92579,12.078282,55,8,18,22,32.46,45.1,33,31
27.270641,27.2001,18.011097,32.667023,8,16,18,22,34.660004,60.010002,47,31
63.33507,21.427498,116.929634,22.518261,14,13,18,22,88.21,103.490005,54,31
-46.523502,23.450098,-59.972324,33.400803,8,17,18,22,61.958878,84.95888,60,8
13.02021,20.301517,28.462091,18.991943,55,8,18,22,53.73,66.42,36,8
6.2533536,42.0001,6.2533536,62.490185,16,8,18,22,84.52,103.77,42,8
40.985363,1.7089231,60.329845,-11.740766,53,9,18,22,0,13,23,8
34.400852,22.1251,4.3798795,10.437054,8,14,18,22,38,55.489998,43,2
-56.6631,31.663296,-94.81029,21.162369,14,14,18,22,63.989998,85.17999,46,2
41.617348,11.7901,40.820663,12.442543,2,3,22,18,31,39,8,2
-39.203323,19.940088,-25.755997,1.2589798,55,8,18,22,30,44,38,28
-25.755997,1.2589798,-18.82565,8.003132,8,8,18,22,34,52.19,37,28
-61.16694,24.022196,-66.36353,27.203772,14,16,18,22,74.29,94.55,53,28
-73.67007,2.3189132,-101.260216,-5.5906386,53,10,18,22,94.55,112.55,26,28
63.0745,30.2425,90.028,4.6158032,17,17,18,22,60.879997,83.11,41,28
70.637886,0.0089,88.665436,-2.0908527,14,10,18,22,27,58.4,29,28
55.46607,30.2426,54.808254,28.690231,2,3,22,18,0,8,13,28
57.54635,1.8845001,83.32277,-9.972589,53,9,18,22,37.22,51.22,23,28
2.1562376,0.0001,-0.15289155,0.0001,17,0,18,22,0,13,35,3
11.562228,19.657162,32.78,-2.10731,55,0,18,22,13,17,35,3
-15.54739,19.797129,-3.9203832,6.4203653,55,8,18,22,22,34.68,33,3
-48.60755,25.0001,-79.24284,24.299915,8,10,18,22,33.18,62.78,41,3
64.47992,16.079102,60.172657,6.792404,5,5,22,18,7,10.73,42,3
-34.38266,25.0001,-22.21572,5.198884,16,8,18,22,17,34.6,29,3
75.92247,0.0001,99.08971,6.908659,14,10,18,22,47.48,78.08,30,3
23.483717,0.0001,28.227917,-4.056576,16,0,18,22,52.96,64.4,37,8
40.79131,23.450098,46.7217,23.4501,16,17,18,22,68.4,91.4,53,8
17.576212,20.94394,42.35088,19.207514,55,10,18,22,93.08,116.880005,53,8
0.60131633,0.0001,9.315834,0.9228207,2,3,22,18,0,8,8,8
11.255461,20.119629,24.782566,17.385353,55,8,18,22,42.43,55.11,33,8
31.546326,20.794298,53.52452,21.994768,55,16,18,22,84.55,97.47,47,8
41.167305,23.450098,25.17597,16.871391,16,16,18,22,97.47,116.34,44,8
25.17597,16.871391,16.879292,41.026825,16,16,18,22,106.07,125.829994,58,8
16.879292,41.026825,13.401758,70.55707,16,16,18,22,116.34,134.67,63,8
57.00896,19.813585,44.842804,0.9269767,55,8,18,22,23,35.64,36,32
-6.4095626,20.002237,6.4259076,13.394088,55,8,18,22,35.64,47.32,33,32
69.014175,20.194265,54.187466,13.277982,55,10,18,22,47.32,64.56,37,32
79.014824,20.67886,34.68128,22.482193,55,16,18,22,89.72,106.08,45,32
34.68128,22.482193,61.800587,26.59263,16,16,18,22,93.08,117.91,63,32
61.800587,26.59263,69.73849,45.314922,16,17,18,22,106.08,130.91,63,32
56.57889,19.735853,68.385025,-1.9376504,55,7,18,22,18.83,31.71,36,32
33.013634,20.137043,47.398373,12.906364,55,8,18,22,43.839996,56.599995,36,32
-47.79773,19.624535,-69.02663,-2.1073105,55,0,18,22,11.83,15.75,35,32
52.05535,17.067547,62.360485,11.505691,55,15,1,22,47.629997,68.27,36,3
-46.716713,25.0001,-49.557175,25.0001,17,21,1,22,77.2,87.2,25,3
-63.024914,0.0001,-60.884384,0.0001,17,21,1,22,20.18,30.02,24,3
90.321526,-9.07507,115.73631,54.86034,8,15,1,22,105.01,128.41,71,3
37.146156,0.002875,37.794712,0.002875,2,3,22,1,0,8,8,2
34.222076,16.76777,43.29339,-1.7403336,55,21,1,22,14.96,27.419998,37,2
30.984894,27.2001,34.065754,27.2001,17,21,1,22,16.189999,28.469997,36,31
20.908699,27.2001,8.968025,54.4001,16,15,1,22,45.469997,72.42999,52,31
-41.867344,0.0001,-59.450512,-0.7159872,13,2,1,22,31.47,47.23,22,31
-25.362844,25.552841,-35.637856,22.943016,8,6,1,22,52.94,68.399994,45,31
8.618768,54.4001,5.977167,61.47373,16,21,1,22,0,16.949999,22,31
-29.562792,45.519096,-37.265293,27.2001,13,2,1,22,16.949999,29.949999,27,31
26.017641,0.0089,38.99885,49.59244,16,15,1,22,53.21,85.04,52,28
-17.754698,16.746986,-25.86952,7.14025,55,8,1,22,11.1,27.56,32,28
50.38204,20.122597,36.269627,0.0089,13,21,1,22,9.549999,25.8,29,28
-13.11171,0.0089,-19.995754,9.323875,16,15,1,22,25.8,52.17,37,28
-12.544582,54.4001,-6.223728,54.4001,17,8,1,22,0,23.19,32,31
-45.759777,44.267555,-34.989178,27.2001,55,16,1,22,47.38,65.11,47,31
-34.989178,27.2001,-23.053883,66.35112,16,15,1,22,53.02,80.11,46,31
50.948814,27.2001,55.294876,31.13479,16,8,1,22,7.1199994,31.949999,36,31
55.294876,31.13479,59.936096,21.835287,8,0,1,22,22.949999,31.949999,30,31
50.76279,17.02849,60.361553,15.12948,55,15,1,22,43.73,61.87,33,31
65.82224,17.205072,77.917854,4.2315874,55,10,1,22,62.239998,82.88,43,31
34.039864,27.2001,23.892082,27.2001,2,3,22,1,19.64,27.64,8,31
16.161312,54.4001,25.322826,76.17565,16,15,1,22,35.989998,65.2,48,31
26.932684,25.0001,14.588188,38.980118,21,13,22,22,21,40.16,48,3
-15.111979,0.0001001358,-14.675969,1.0479615,8,21,22,22,40.16,56.6,35,3
87.00069,0.0001,87.00069,36.023758,8,15,22,22,88.04,110.54,51,3
71.65599,0.0001,60.899178,8.174309,21,21,22,22,0,14.639999,45,3
60.899178,8.174309,67.006355,19.11183,21,15,22,22,7.6,22.74,45,3
71.328575,0.0001,65.623695,0.0001001358,8,21,22,22,22.74,38.25,30,3
72.01806,0.0001,62.080254,-0.8328948,8,17,22,22,47.25,66.48,39,3
44.59492,31.895956,40.605545,19.816849,8,21,22,22,7.36,23.14,27,3
66.57091,0.000100016594,69.61951,0.0001,17,21,22,22,23.14,38.239998,20,3
69.61951,0.0001,82.780876,15.552113,21,17,22,22,31.599998,48.92,50,3
50.924603,25.0001,63.24074,35.610344,21,15,22,22,18.96,35,49,3
83.05263,0.0001,72.351524,5.38359,8,21,22,22,52,68.52,40,3
72.351524,5.38359,57.104862,34.57592,21,13,22,22,61,80.52,52,3
32.557915,24.639965,52.03448,38.43517,55,15,22,22,106.2,122.659996,47,3
8.06872,0.0001,29.769173,53.39604,21,13,22,22,122.659996,141.45999,64,3
10.081398,-1.2745957,-19.515701,2.5984094,21,17,22,22,0,20,47,28
-59.00184,0.0089,-70.27055,7.0494146,13,8,22,22,66.72,84.72,24,28
-70.27055,7.0494146,-93.95742,22.879192,8,17,22,22,75.72,95.520004,53,28
24.342701,0.0089,14.762578,5.56276,8,21,22,22,48.6,63.739998,36,28
-6.4482403,51.4254,5.0416274,60.374218,21,17,22,22,8.28,27.16,47,28
5.0416274,60.374218,8.381134,51.4254,17,9,22,22,15.879999,40.16,34,28
48.37189,30.2426,64.32347,32.46468,21,17,22,22,49.16,67.84,65,28
61.031227,30.2426,44.11644,45.93258,8,11,22,22,76.84,99.28697,52,28
44.11644,45.93258,53.98033,83.87535,11,13,22,22,85.03,108.28697,72,28
18.470003,0.0089,14.863163,0.0089,17,21,22,22,0,20,25,28
14.863163,0.0089,3.5166025,13.794197,21,8,22,22,12,29,45,28
3.5166025,13.794197,-0.26491675,-0.69937277,8,21,22,22,20,36.36,34,28
44.80471,25.892574,60.499454,37.846157,8,14,22,22,71.53,89.08,50,28
28.467375,0.0001,26.081217,0.0001,17,21,22,22,5.73,25.73,28,32
-77.05578,0.0001,-77.05578,55.128532,8,15,22,22,104.229996,122.229996,59,32
-79.30095,0.0001,-91.85784,6.700938,21,21,22,22,16.46,30.539999,51,32
-29.785582,22.286877,23.06816,41.70488,16,15,22,22,76.509995,100.06999,62,32
50.160866,0.0001,109.86262,-28.046486,17,13,22,22,109.06999,130.06999,66,32
48.41292,0.0001,37.40616,13.652461,21,17,22,22,9,28.04,44,32
37.40616,13.652461,36.3619,0.0001,17,21,22,22,16.76,35.32,28,32
36.3619,0.0001,23.695757,17.040434,21,16,22,22,28.04,41.26,48,32
23.695757,17.040434,47.970467,7.6259212,16,14,22,22,35.32,59.359997,46,32
30.165356,0.0001,48.583336,21.732563,8,16,22,22,82.08,98.88,54,32
-61.378532,0.0001,-41.60255,50.585957,21,13,22,22,110.23999,126.51999,59,32
7.7746496,66.948975,-9.6446,58.08086,55,21,22,22,58.599594,73.65959,49,2
3.762023,42.7501,-11.618326,61.443096,8,16,22,22,73.65959,92.11959,47,2
-11.618326,61.443096,-62.659473,82.70765,16,18,22,22,82.11959,95.11959,52,2
-56.158485,21.433441,-34.543324,59.904778,8,15,22,22,95.11959,112.21959,57,2
-43.611115,0.002875,-39.893654,0.002875,17,21,22,22,7.84,27.2,27,2
-39.893654,0.002875,-28.244606,22.575333,21,21,22,22,19.84,33.920002,45,2
1.8209016,42.7501,-0.072180115,42.7501,2,3,22,22,17,25,13,2
-0.072180115,42.7501,-4.2427487,42.7501,3,5,22,22,21,26,16,2
6.591839,42.7501,38.74001,46.501305,9,21,22,22,49.02,68.66,59,2
40.37827,0.002875,36.18484,0.002875,17,21,22,22,0,18.880001,28,2
-3.4554443,0.002875,14.140558,3.408578,17,8,22,22,61.6,81.21999,25,2
14.140558,3.408578,19.59094,25.685986,8,15,22,22,73.479996,96.06999,43,2
-40.314987,20.069899,-10.265319,13.853719,55,8,18,22,49.84,63.92,35,8
-10.265319,13.853719,-34.962032,31.125261,8,16,18,22,53.84,76.92,44,8
-34.962032,31.125261,-46.96281,28.213459,16,16,18,22,63.92,88.75,47,8
-46.96281,28.213459,-52.017197,33.829247,16,16,18,22,76.92,99.54,48,8
-52.017197,33.829247,-54.356693,40.461926,16,10,18,22,88.75,113.54,55,8
42.651875,31.526632,42.651875,30.595173,16,16,18,22,65.11,87.47,45,8
42.651875,30.595173,42.651875,26.358139,16,20,18,22,76.68,97.47,53,8
66.36376,4.251625,72.06181,-21.134441,16,10,18,22,27,55.300003,33,8
-2.1940114,20.162724,1.8908335,16.506195,55,8,18,22,41.96,54.96,34,28
52.584972,0.0089,55.430386,0.0089,17,0,18,22,8,21,32,28
59.978813,0.0089,23.1544,-2.0985107,8,0,18,22,37.06,46.06,38,28
61.48175,30.2426,61.881752,54.57999,16,13,18,22,87.11,102.03,41,28
-13.126383,0.0089,-10.517254,0.0089,17,0,18,22,0,13,34,28
55.50834,27.2001,99.348694,29.30236,8,17,18,22,52.1,77.06,64,31
14.254279,74.55228,-22.957882,52.292694,55,0,18,22,54.280003,58.280003,45,31
-11.004955,74.602066,26.170383,52.292694,55,0,18,22,58.280003,61.920002,44,31
14.217735,74.64913,-19.987839,68.20889,55,14,18,22,61.920002,74.54001,39,31
-77.11576,0.0001,-95.85229,-0.42942584,14,10,18,22,31,63.22,29,32
-51.57597,20.593658,-70.69515,19.391426,55,10,18,22,71.22,93.82,43,32
-61.114326,0.0001,-61.4336,4.395037,14,14,18,22,64.31,79.78,42,32
-93.77048,-7.4740486,-95.745865,-3.3217216,2,3,22,18,53,61,8,32
51.867165,-2.638893,33.57366,-4.811512,13,0,18,7,0,13.099999,44,8
45.507534,16.83955,68.73851,14.700224,55,8,18,7,13.099999,26.099998,37,8
56.36203,23.450098,56.18297,22.96421,16,8,18,7,26.099998,51.059998,40,8
19.430696,0.0001,-10.001828,10.115534,14,14,18,7,82.979996,102.079994,43,8
2.480701,19.008871,25.188799,14.153345,55,8,18,7,11,23.720001,38,8
-3.4536831,18.190094,-3.273681,18.493372,16,13,18,7,27.2,44.16,40,8
-58.44505,23.450098,-89.76224,38.398712,14,14,18,7,53.26,75.35999,42,8
-37.09477,0.0001,-37.09477,17.076082,16,8,18,7,31.099998,52.379997,25,3
35.006897,19.33966,7.1653905,11.758039,55,15,18,7,32.739998,46.739998,49,3
-46.185215,25.0001,-46.185215,35.524017,16,14,18,7,44.199997,67.86,43,3
34.520245,30.208725,59.440514,76.49855,17,16,18,7,125.58,145.38,58,3
7.87704,21.179277,-17.405437,22.052378,14,16,18,7,36.4,60.840004,41,3
-78.81187,20.185553,-70.60382,43.438065,55,15,18,7,72.340004,89.340004,55,3
-97.4733,14.455218,-110.79955,-2.4585238,2,3,18,7,89.340004,97.340004,26,3
-47.91479,25.0001,-32.141365,42.84555,16,14,18,7,97.340004,119.52001,47,3
41.854057,27.3751,41.79437,28.040222,16,16,18,7,27.2,47.2,38,2
26.246159,19.977201,70.16532,39.194313,55,14,18,7,74.700325,90.76032,53,2
-33.73537,0.002875,-110.73334,40.12298,17,14,18,7,154.16032,177.82033,74,2
16.76972,33.157,12.942657,48.845833,16,16,18,19,40.899998,61.259995,56,2
58.21483,18.59628,63.473854,25.49747,55,8,18,19,7,23,50,2
44.67125,36.307888,46.85918,39.16986,16,13,18,19,23,46,53,2
33.44296,0.002875,-2.6434188,5.7515545,13,14,18,19,13.099999,37.260002,52,2
-2.6434188,5.7515545,-23.675976,21.944248,14,14,18,19,25.04,45.86,39,2
-4.7729545,0.0001,-4.7729545,17.246464,16,14,18,19,19.099998,40.6,35,32
74.862625,0.0001,91.792656,13.41472,14,14,18,19,16.869999,39.75,33,32
51.467422,0.0001,54.01869,5.3443236,17,10,18,7,81.33,107.42,55,32
42.297585,15.843839,50.06517,41.836185,55,15,1,19,21.189999,35.829998,50,31
50.06517,41.836185,61.86554,36.28208,15,8,1,19,26.829998,44.829998,27,31
61.86554,36.28208,68.62288,65.703865,8,15,1,19,35.829998,58.629997,39,31
1.5006711,54.4001,-1.2453301,54.4001,17,21,1,7,97.63,115.64001,37,31
-35.893986,0.0001,-51.553345,-0.8961631,2,7,1,7,132.20001,145.20001,32,31
-19.51357,18.12067,-1.0489203,68.42424,55,15,1,7,148.88,161.70001,53,31
-39.45851,25.714073,-40.636845,27.2001,17,21,1,7,3,16.46,32,31
-0.57847464,0.0001,7.840807,0.0001,13,21,1,7,16.46,30.06,21,31
27.720047,27.2001,18.42342,63.98102,16,13,1,7,35.62,57.079998,47,31
-52.05299,17.6449,-52.05299,48.37433,55,16,1,7,93.51,103.75,47,31
8.544534,54.4001,-25.007029,90.22232,16,15,1,7,35.44,63.339996,57,31
10.754749,0.0001,6.62212,0.0001,17,21,1,7,0,18.01,35,31
6.62212,0.0001,-26.804207,0.0001,21,0,1,7,13.01,18.01,34,31
-29.87787,27.2001,-20.623823,69.54704,16,15,1,7,32.559998,62.76,50,31
37.532627,41.96066,26.139887,78.74541,8,13,1,7,62.76,83.13,46,31
19.459831,0.0001,25.592691,0.0001,17,21,1,7,3,15.46,27,8
51.32314,-2.525554,44.69432,-1.14455,17,21,1,7,49.010002,69.36,41,8
-4.402037,0.0001,-6.1350374,0.0001,17,21,1,7,76.36,86.01,29,8
50.814476,15.195059,50.814476,50.080704,55,16,1,7,99.11,109.75,45,8
47.8868,41.211636,63.210938,77.103004,55,15,1,7,109.75,123.95,48,8
-10.465607,0.0001,-20.973042,0.0001,13,8,1,7,0,20.64,27,8
-30.866035,0.0001,-25.419674,0.0001,17,21,1,7,20.64,30.369999,23,8
8.006652,0.0001,20.433357,0.0001001358,13,21,1,7,30.369999,43.429996,21,8
42.12999,16.380924,31.877712,23.319963,55,14,1,7,43.429996,56.069996,48,8
4.540361,0.0001,58.158405,56.53456,8,14,1,7,60.619995,78.7,56,8
36.65889,0.0001,42.419834,-0.67069864,13,21,1,7,8.75,21.8,17,8
47.358948,23.450098,26.220264,28.692951,13,13,1,7,79.28999,94.64999,37,8
-45.73562,41.196533,-45.73562,77.45774,55,16,1,7,104.64999,115.289986,46,8
47.25227,23.450098,54.884777,23.450098,17,21,1,7,84.91,106.31002,44,8
7.2160583,16.9145,7.296058,21.70902,55,8,1,7,13.22,27.86,41,28
3.6086056,18.164001,5.203031,16.319782,8,16,1,7,27.86,41.05,39,28
5.203031,16.319782,-3.3133228,63.259285,16,15,1,7,36.05,67.88,54,28
-72.22926,1.2736082,-85.09329,1.2050352,6,2,1,7,79.88,88.88,30,28
-4.13031,0.0089,-1.5974339,0.0089,17,21,1,7,0,13.46,27,28
31.828894,0.0089,65.52258,0.0089,21,0,1,7,13.46,18.01,33,28
56.540066,30.2426,48.9809,60.81543,16,15,1,7,23.65,55.28,48,28
4.875251,0.0089,1.142375,0.0089,17,21,1,7,20.25,31.09,26,28
-32.283955,0.0089,-66.01028,0.0089,21,0,1,7,31.09,35.49,34,28
-46.097103,30.142199,-35.82229,75.97378,16,15,1,7,41.13,68.83,48,28
52.389988,0.0089,58.122887,0.0089,17,21,1,7,4.95,17.01,25,28
30.09649,0.0089,32.82961,0.0089,17,21,1,7,35.26,42.179996,21,28
66.32343,0.0089,70.06076,0.0089,2,11,1,7,42.179996,64.17999,25,28
18.057821,0.0001,18.624079,0.0001,17,21,1,19,5.73,18.19,28,3
-12.50338,0.0001,-21.888092,18.27563,8,17,1,19,27.19,38.070004,41,3
-45.441418,0.0001,-47.381042,0.0001,17,21,1,19,48.249996,58.349995,25,3
-47.381042,0.0001,-73.89159,0.0001,21,11,1,19,53.449993,76.34999,34,3
-21.349953,0.0001,-54.776268,0.0001,21,11,1,7,87.40998,108.79998,34,3
37.086132,25.0001,40.919132,25.0001,17,21,1,7,0,9.31,22,3
64.753685,1.500124,67.87129,0.0221771,8,21,1,7,9.31,22.560001,28,3
41.096977,25.0001,45.229614,25.0001,17,21,1,7,22.560001,37.840004,35,3
73.71616,0.0001,77.24918,0.0001,17,21,1,7,37.840004,46.930004,22,3
-23.084263,0.0001,-2.125818,3.7272804,6,8,1,7,64.93001,80.84001,41,3
-2.125818,3.7272804,11.75625,51.416283,8,16,1,7,71.93001,85.84001,52,3
39.953346,25.0001,36.620586,25.0001,17,21,1,7,0,15.690001,30,3
30.840075,0.0001,40.69115,0.0001001358,13,21,1,7,22.550001,36.02,20,3
44.131683,0.0001,45.06481,0.0001,17,21,1,7,0,6.95,23,3
45.06481,0.0001,78.49113,0.0001,21,0,1,7,2,6.95,34,3
85.98406,3.6078377,96.93923,27.282867,8,15,1,7,56.76,79.020004,51,3
73.75462,0.0001,80.87348,-0.93098307,2,3,1,7,79.020004,87.020004,21,3
-10.324198,0.0001,0.4095655,0.4375736,13,21,1,19,5.73,22.73,22,3
45.816334,27.807116,39.707077,25.0001,17,21,1,19,27.55,39.910004,26,3
-24.524551,0.0001,-27.657303,-1.8975613,2,3,1,19,39.910004,47.910004,21,3
-5.8606215,0.0001,-1.3565729,1.3230388,17,21,1,19,70.54001,80.30001,20,3
36.309185,0.0001,64.31972,0.0001,21,21,1,19,80.30001,87.75001,33,3
20.554188,0.0001,16.821321,0.0001,17,21,1,7,9,19.42,28,3
16.821321,0.0001,-16.604998,0.0001,21,21,1,7,15.32,23.32,35,3
-31.898111,17.002138,-21.860523,26.09141,55,15,1,7,26.32,46.96,41,3
-8.479164,12.271237,0.50922847,28.310053,8,16,1,7,46.96,68.96,46,3
29.484278,33.66161,16.251787,85.82039,8,15,1,7,73.51,96.130005,47,3
16.156996,0.0001,23.286572,0.0001,13,21,1,7,0,14,22,3
23.286572,0.0001,57.012886,0.0001,21,21,1,7,9,18.55,35,3
34.194576,0.0001,30.4617,0.0001,17,21,1,7,46.4,57.760002,27,3
-3.2646184,0.0001,-37.89093,0.0001,21,21,1,7,57.760002,65.01,34,3
52.33072,41.610516,58.612434,78.35387,16,14,1,19,12.639999,36.47,49,28
56.56927,25.7096,67.72451,103.422195,16,15,1,19,41.02,71.54,70,28
-65.06685,0.0089,-63.50058,0.0089,17,21,1,19,103.28,115.740005,31,28
-19.079565,0.0089,11.930973,0.0089,21,21,1,19,120.29001,128.24,34,28
11.930973,0.0089,39.94151,0.0089,21,21,1,19,124.44001,131.74,33,28
39.94151,0.0089,66.75205,0.0089,21,12,1,19,128.24,146.74,32,28
35.12288,0.0089,40.28262,0.0089,17,21,1,19,148.74,157.1,22,28
40.28262,0.0089,67.393166,0.0089,21,12,1,19,153.35,171.05,30,28
46.270103,30.2426,40.303864,30.2426,17,21,1,19,0,12.040001,30,28
-8.158049,0.0089,-25.780437,3.1566458,21,9,1,19,19.580002,41.58,26,28
43.72299,30.2426,50.589226,30.2426,17,21,1,19,7,18.899998,31,28
74.632965,0.0089,73.14012,0.0089,17,21,1,19,53.719997,73.90999,46,28
-43.475185,30.142199,-46.14132,30.142199,17,21,1,7,95.90999,107.54999,33,28
42.89332,0.0089,75.98174,0.0089,21,12,1,7,121.14999,140.34998,31,28
9.563817,0.0089,7.73069,0.0089,17,21,1,7,0,6.07,22,28
-22.794977,0.0089,-62.229984,0.0089,21,21,1,7,9.07,16.92,36,28
-72.38362,-2.197218,-63.343395,20.72475,8,15,1,7,49.84,73.84,43,28
-45.888958,0.0089,-44.95583,0.0089,17,21,1,7,73.84,80.59,18,28
-44.95583,0.0089,-11.529509,0.0089,21,21,1,7,75.84,84.99,35,28
-11.529509,0.0089,22.196821,0.0089,21,21,1,7,80.59,89.09,34,28
22.196821,0.0089,55.89051,0.0089,21,11,1,7,84.99,107.09,33,28
-3.7298353,71.7215,-3.6498291,88.430855,55,15,1,7,58,77.74,46,31
-0.5611119,0.0001,2.7852635,0.0001,17,21,1,7,108.93001,117.89,25,31
39.511574,0.0001,52.462135,-1.948525,2,11,1,7,117.89,139.89,29,31
15.137163,0.0001,20.766743,0.0001,13,21,1,7,0,13.5,18,31
57.493057,0.0001,69.11743,-1.1021526,11,21,1,7,13.5,34.54,54,31
9.054282,0.0001,4.9216547,0.0001,17,21,1,7,0,17.099998,35,31
-28.504673,0.0001,-62.23099,0.0001,21,21,1,7,17.099998,25.799997,34,31
24.89272,22.1251,52.2381,60.9859,8,15,1,19,32.19,57.239998,41,2
65.40819,-2.0468078,72.450554,-3.6157365,2,3,1,19,76.079994,83.159996,29,2
72.450554,-3.6157365,80.2243,-0.94116735,3,2,1,19,79.479996,86.399994,26,2
28.23671,0.002875,25.270458,0.002875,17,21,1,19,0,12.55,32,2
-3.466095,0.002875,25.444431,0.002875,21,21,1,19,19.55,28.349998,32,2
25.444431,0.002875,53.71213,0.623875,21,21,1,19,24.15,32.199997,31,2
22.782892,0.002875,-6.1276374,0.002875,21,21,1,19,49.769997,56.969997,33,2
-6.1276374,0.002875,-34.738163,0.002875,21,21,1,19,53.469997,60.319996,34,2
33.08816,0.002875,61.94876,0.623875,21,21,1,7,87.31999,96.11999,35,2
56.995224,0.623875,27.50611,64.304825,20,16,1,7,96.11999,115.11999,63,2
-17.11936,0.002875,-21.952473,0.002875,17,21,1,7,11.190001,18.92,19,2
-21.952473,0.002875,-54.87247,0.623875,21,21,1,7,13.92,23.47,35,2
-47.69686,0.002875,-42.65061,0.002875,17,21,1,7,23.47,34.26,26,2
22.209414,0.002875,23.142536,0.002875,17,21,1,7,38.16,43.68,24,2
53.81535,0.623875,64.761314,56.256584,16,15,1,7,47.23,75.229996,47,2
1.7723866,0.002875,-6.8140697,0.002875,13,21,1,7,19.320002,32.47,22,2
9.643108,0.002875,14.976113,0.002875,17,21,1,7,32.47,41.11,21,2
14.976113,0.002875,48.669792,0.002875,21,21,1,7,37.010002,44.91,33,2
3.140239,42.7501,-1.7857623,42.7501,17,21,1,19,44.91,62.01,36,2
-23.797274,16.280096,-21.7281,18.214275,17,21,1,19,62.01,71.88999,28,2
33.308376,0.002875,61.12682,0.623875,21,12,1,19,76.08999,94.93999,34,2
31.697191,23.450098,37.523182,23.450098,17,21,1,19,8,26.519999,44,8
13.669499,0.0001,14.896125,0.0001,17,21,1,19,41.519997,50.329998,27,8
13.830385,0.0001,15.170011,0.0001,17,21,1,19,54.379997,64.20999,25,8
39.026123,23.450098,39.592377,23.450098,17,21,1,19,0,12.779999,29,8
15.53895,-0.2198987,9.459893,0.0001,17,21,1,19,12.779999,24.06,26,8
9.459893,0.0001,-17.950638,0.0001,21,21,1,19,19.56,28.21,35,8
-17.950638,0.0001,-47.03339,-1.6318562,21,21,1,19,24.06,32.059998,32,8
-14.184054,0.0001,-14.650929,0.0001,17,21,1,19,32.059998,45.980003,33,8
43.267437,-0.8472826,49.96307,-1.0243832,13,21,1,19,14,26.720001,17,8
43.856606,23.4501,48.562477,23.450098,17,21,1,19,26.720001,46.98,48,8
37.86139,0.0001,20.80485,-4.120473,13,2,1,19,15.639999,30.56,29,8
-39.56138,1.6919537,-43.54848,26.271103,55,13,2,19,18,31,56,32
-78.4922,0.0001,-78.4922,38.088596,17,17,2,19,42.829998,71.63,57,32
-15.995015,0.0001,14.70524,10.636456,13,13,2,19,15.619999,28.289999,41,32
14.70524,10.636456,54.529404,23.207682,13,16,2,19,24.15,45.84,49,32
19.176914,0.0001,19.176914,13.888651,17,13,2,19,14.440001,34.2,41,32
25.351168,0.0001,-19.096375,16.863388,13,16,2,19,38.25,58.9,51,32
-22.920849,0.0001,-21.73585,34.621372,19,13,2,19,12.4,24.98,50,32
12.284135,0.0001,39.021866,-0.7569001,13,0,2,19,0,7,31,3
40.160015,1.6919537,45.52598,27.071344,55,13,2,19,7,19.52,49,3
-69.02761,2.6273375,-87.50025,12.691843,56,11,2,19,67.9,83.09579,54,3
30.632275,25.0001,28.23228,25.0001,17,0,2,19,0,16,33,3
28.978062,27.217566,7.8135476,28.33431,56,14,2,19,16,40.510002,47,3
-74.40939,0.0001,-74.40939,43.20381,17,13,2,19,47.230003,68.57001,61,3
-42.619473,2.6479883,-21.871998,9.7637615,56,11,2,19,71.57001,86.23692,57,3
81.45494,0.0001,82.91817,1.9260128,2,3,2,19,24.39,29.39,15,3
77.34214,0.0001,78.71804,2.9851959,2,3,2,19,31.23,35.7,13,3
76.67143,0.0001,69.46985,0.0001,3,4,2,19,37.3,45.91,25,3
58.041313,0.0001,58.041313,50.010654,17,13,2,19,50.86,73.3,61,3
47.780876,25.0001,49.244106,26.926016,2,3,2,19,0,4.8,15,3
44.041786,27.150532,63.742767,26.465685,56,14,2,19,4.8,28.720001,46,3
-56.06708,24.562101,-122.77052,43.7955,16,14,2,19,68.56,96.939995,49,3
-37.80599,0.0001,-39.18189,2.9851959,2,3,2,19,81.77,86.77,13,8
-39.18189,2.9851959,-40.603054,4.19668,3,4,2,19,83.77,94.77,17,8
-1.9149786,42.0001,18.773003,41.243095,13,0,2,19,0,6.79,28,8
19.91115,43.691948,23.784649,64.95083,55,13,2,19,6.79,19.25,53,8
45.891712,3.54357,47.216038,3.9174006,2,3,2,19,46.29,51.11,17,8
17.573872,0.0001,-7.826251,8.784247,13,13,2,19,0,17.83,46,32
22.514618,0.0001,17.77204,-1.5757759,17,0,2,7,11.34,26.7,37,32
14.692925,0.0001,14.692925,15.7159195,19,13,2,7,15.88,27.980001,44,32
-57.815304,2.8514109,-65.60553,18.90583,55,13,2,7,43.36,55.420002,49,32
-74.50399,0.0001,-74.50399,42.076077,17,17,2,7,67.950005,98.51,64,32
83.32185,0.0001,39.271484,17.006193,17,14,2,7,55.14,84.600006,58,32
21,22.1251,19.704905,25.45495,2,3,2,19,0,5,12,2
41.378265,0.002875,94.567474,21.176132,13,16,2,19,49.649998,72.59,56,2
20.3776,0.002875,18.771816,-2.7352676,2,3,7,2,13,20,13,2
17.323349,0.002875,22.820719,3.8370283,5,5,7,2,20,26.46,48,2
28.744083,0.002875,18.88121,-5.1847606,2,3,2,7,102.76,107.76,17,2
63.34755,0.623775,63.34755,20.126873,17,17,2,7,48.03,77.79,55,2
16.535252,0.002875,16.535252,-0.1742233,17,2,2,7,12.18,26.82,33,2
19.169542,0.002875,19.169542,23.464067,19,13,2,7,26.82,39.25,43,2
18.545755,0.0089,-9.344624,21.12589,14,13,2,19,12.37,34.969997,39,28
-33.666836,0.0089,-33.666836,30.452433,17,14,2,19,34.969997,67.71,53,28
-12.090144,0.0089,-12.090144,14.157485,17,13,2,19,14.4,34.239998,38,28
-12.090144,14.157485,29.785961,25.703823,13,16,2,19,28.48,52.469997,55,28
61.597576,0.0089,60.30248,3.3387494,2,3,2,19,68.24,73.24,12,28
60.30248,3.3387494,60.757893,0.008899927,3,4,2,19,70.24,81.24,24,28
54.068146,30.2426,2.5351646,90.46928,17,14,2,19,68.28,97.159996,69,28
31.536785,0.0089,30.088943,2.526017,2,3,2,19,111.159996,116.159996,14,28
30.088943,2.526017,29.729456,-1.6830224,3,4,2,19,113.159996,124.159996,22,28
-70.067795,6.0406632,-71.36289,6.785513,2,3,2,7,73.229996,78.229996,12,28
-71.36289,6.785513,-67.51262,7.589469,3,4,2,7,75.229996,86.229996,13,28
-7.757237,0.0089,-75.97844,56.451775,17,14,2,7,86.229996,119.27,76,28
-18.223713,0.0001,0.87053955,23.799881,6,15,9,7,38.852795,64.8528,55,31
-43.238415,0.0001,-43.238415,10.008778,9,13,9,7,29.34,55.34,43,31
29.822987,2.256958,28.706802,0.000099897385,56,2,10,19,9,17,49,3
28.706802,0.000099897385,27.114918,0.8619835,2,2,10,19,15,18.82,6,3
19.602308,2.3841138,7.9508567,-3.6672902,56,0,10,19,24.4,29.5,47,3
14.627471,2.445983,8.671571,-3.6672912,56,0,10,19,34.18,38.5,53,3
11.007375,2.4708114,7.9508567,-3.6672902,56,0,10,19,38.5,42.52,50,3
9.976487,2.4606571,7.950857,-3.667291,56,0,10,19,42.52,46.3,51,3
53.117302,0.0001,53.117302,0.0001,10,10,10,19,59.899998,86.63999,5,3
-1.5097885,-1.2860966,4.2638416,-3.6672912,56,0,10,19,20.989998,31.989998,10,3
2.2275476,2.4001694,1.9309663,-3.6672916,56,0,10,19,31.989998,37.629997,1,3
48.521362,25.0001,53.11369,27.548424,18,18,10,19,87.26999,96.81999,10,3
37.198566,25.0001,35.873642,28.567299,16,16,10,19,96.81999,110.81999,5,3
-5.061021,76.72938,-5.061021,71.49022,14,14,10,19,110.81999,131.82999,6,3
-34.057697,25.0001,-34.057697,25.0001,15,15,10,19,183.895,204.905,5,3
-1.1301633,2.2489972,1.6195292,-3.6672907,56,0,10,19,3,9,1,3
-0.72176594,2.2856324,5.2124634,-3.6672904,56,0,10,19,9,14.46,45,3
3.1642778,2.2817438,9.070281,-3.667291,56,0,10,19,14.46,19.44,47,3
6.732379,2.3466897,13.855986,-3.6672904,56,0,10,19,19.44,24,50,3
80.88915,2.5710602,85.045265,21.976913,56,11,10,19,51.56,68.56,40,3
39.84992,25.0001,34.469498,32.83092,15,15,10,7,0,21.009998,6,3
25.531181,25.0001,22.475426,27.231007,17,17,10,7,52.739998,70.74,8,3
18.35582,11.114636,19.575405,14.457352,16,16,10,7,70.74,87.48,5,3
93.39372,-0.12663937,102.847046,9.427587,56,10,10,7,103.71,128.70999,11,3
-20.939539,2.2795787,-19.190071,-4.486166,56,0,10,7,20,25.52,1,8
-24.136688,-0.12663937,-28.08317,-4.486167,56,0,10,7,25.52,36.52,10,8
-29.119938,2.4001985,-23.746231,-4.486168,56,0,10,7,36.52,41.68,1,8
53.65646,-0.44161677,52.901173,-5.8217154,56,0,10,7,54.14,59.42,3,8
57.84779,-1.4621887,66.38146,6.8327217,56,10,10,7,59.42,83.98,10,8
16.053614,2.3187454,14.548063,-4.4861674,56,0,10,7,21.89,27.289999,1,8
-6.284681,2.5514421,-9.145182,-0.21904755,56,2,10,7,56.52,63.5,39,8
-9.145182,-0.21904755,-11.885991,1.3217615,2,2,10,7,61.56,65.28,6,8
-4.956704,0.0001,-7.790047,1.6334432,2,2,10,7,65.28,68.439995,6,8
-27.800547,-2.489903,-30.695429,30.722475,8,8,10,7,93.079994,114.000015,93,8
-35.345436,0.0001,-35.345436,0.0001,15,15,10,7,137.85002,160.77002,6,8
-1.1397672,2.3230224,0.31533426,-4.486168,56,0,10,7,21,27,2,8
41.665916,-0.5136324,41.916683,-0.56587553,8,8,10,7,42.37,49.739998,12,8
53.738476,23.450098,49.613476,27.74931,15,15,10,7,57.75,80.67,6,8
54.381588,23.450098,57.87156,32.67872,16,16,10,7,113.22,128.79,6,8
-8.140698,42.0001,-12.56631,53.940365,16,16,10,19,153.18999,169.20999,6,8
47.771564,1.7669392,39.50274,7.108983,14,14,10,19,19,38.01,6,8
68.457535,-7.0472813,62.15688,16.532099,56,10,10,19,41.01,60.829998,27,8
-2.9469478,0.0001,-5.8101873,7.647787,14,14,10,19,95.65,114.28001,6,8
-7.0898476,3.013495,-5.3445067,-3.6672907,56,0,10,19,117.100006,123.04001,1,8
37.961323,3.1523838,40.342834,-3.6672914,56,0,10,19,138.39,144.03,1,8
-23.033503,16.1251,-21.96392,17.084984,13,13,10,19,10,25.279999,5,2
-10.920893,0.002875,-12.770069,4.645447,9,9,10,19,25.279999,34.829998,6,2
-4.9919543,2.4597712,-2.5447793,-3.74077,56,0,10,19,34.829998,40.829998,49,2
-4.686184,2.4613142,-1.6372781,-3.6645155,56,0,10,19,40.829998,46.289997,1,2
-29.473692,0.002875,-32.46877,2.8221858,15,15,10,19,69.28999,90.16999,6,2
-47.737755,6.7793794,-47.737755,6.7793794,12,12,10,7,92.16999,115.08999,4,2
45.13674,31.80289,46.39396,32.94011,15,15,10,7,0,18.96,6,2
75.54952,11.662244,78.13999,13.052712,18,18,10,7,90.44,98.08,7,2
7.88539,0.002875,11.307554,2.107621,13,13,10,7,0,16,8,2
54.627377,3.0332618,50.87956,-3.8623912,56,0,10,7,34,39.46,33,2
49.449173,2.4426265,50.879562,-3.8623924,56,0,10,7,39.46,44.44,33,2
24.150732,24.182175,24.150732,24.182175,16,16,10,7,60.579998,77.770004,5,2
63.852417,35.767918,65.14531,39.200104,14,14,10,7,77.770004,96.78001,6,2
58.319378,0.62387514,58.319378,0.62387514,12,12,10,7,96.78001,119.700005,6,2
63.034634,2.9859061,66.45671,-3.8623905,56,0,10,7,30.769999,35.989998,1,2
65.909996,-4.948097,66.32082,-3.3876238,56,10,10,7,35.989998,45.51,17,2
58.293846,0.62387514,59.349117,1.522939,17,17,10,7,51.879997,69.07,6,2
58.49586,3.2804184,62.165943,8.482288,56,2,10,7,71.83,79.590004,36,2
21.124191,2.7253065,20.310085,-4.483392,56,0,10,7,81.50001,87.08001,1,2
-16.719011,2.8104177,-23.843176,-4.483391,56,0,10,7,94.08001,99.30001,41,2
-24.825314,2.8203537,-12.721029,-4.4833922,56,0,10,7,99.30001,104.10001,46,2
-11.728861,2.8530798,-12.452633,-4.483392,56,0,10,7,104.10001,108.540016,46,2
-54.77002,0.623875,-54.77002,0.623875,10,10,10,7,118.16002,144.90002,5,2
-6.4335876,2.2422879,-4.0898843,-3.6672907,56,0,10,19,2,8,42,31
-6.431552,2.2789226,-0.22060585,-3.6672902,56,0,10,19,8,13.46,48,31
25.296324,2.3709183,26.597172,-3.6672916,56,0,10,19,27.46,32.68,1,31
47.825554,2.525166,50.568115,-3.6672907,56,0,10,19,45.78,50.94,1,31
64.55927,0.0001,64.55927,-3.9458997,14,14,10,19,65.619995,85.71999,6,31
32.75042,27.2001,32.75042,27.2001,17,17,10,19,85.71999,102.909996,1,31
-34.13161,2.2185035,-29.333271,-4.4861674,56,0,10,7,6,11.46,28,31
-68.088104,2.2629375,-54.250137,-4.486167,56,0,10,7,16.44,21,29,31
-53.187996,2.2953248,-68.831215,-4.4861674,56,0,10,7,21,25.2,31,31
-68.080826,2.3185084,-54.250137,-4.486167,56,0,10,7,25.2,29.1,29,31
-53.194267,2.345063,-59.770515,2.1873255,56,11,10,7,29.1,43.760002,32,31
-59.770515,2.1873255,-73.54503,28.403608,11,15,10,7,32.760002,55.760002,62,31
-24.53666,2.6341658,-12.824641,4.9717817,56,15,10,7,74.76,91.14,38,31
54.002346,2.7724805,61.795242,-4.562422,56,0,10,7,94.14,100.14,40,31
62.074146,3.0271497,62.678062,-4.4861674,56,0,10,7,127.28,132.26,2,31
60.065624,3.215691,58.28781,-4.486166,56,0,10,7,156.34,160.42,1,31
37.47652,-2.999899,35.265793,2.9540267,14,14,10,7,170.76,190.76999,6,31
57.24087,25.913904,61.724503,23.532707,53,0,10,19,0,10.559999,9,31
25.795786,0.0001,23.830265,1.2356222,2,2,10,19,30.98,34.699997,6,31
-38.273674,27.2001,-38.273674,27.2001,14,14,10,19,62.179993,82.189995,5,31
-42.473667,27.2001,-42.473667,27.2001,17,17,10,19,82.189995,100.189995,5,31
-8.404366,56.5974,-6.3323154,50.732708,56,0,10,19,0,6,45,31
-7.7248096,56.4053,-6.3092675,50.732704,56,0,10,19,6,11.46,3,31
-27.99153,27.2001,-27.031904,29.763649,14,14,10,19,33.98,51.379997,6,31
-14.720883,54.4001,-14.720883,54.4001,15,15,10,19,51.379997,74.299995,6,31
53.18056,27.2001,56.274567,30.114948,15,15,10,19,74.299995,93.38,6,31
-48.94861,2.9506006,-51.888813,31.519901,56,13,10,19,108.52,122.03999,49,31
-87.57426,59.48449,-89.348595,64.286446,14,14,10,19,122.03999,141.04,6,31
80.65427,0.0001,88.252045,11.064233,16,14,18,18,46.77,63.77,32,32
59.71228,18.505507,63.368965,21.723,55,8,18,18,11.83,24.83,40,32
82.85935,19.7187,86.43697,21.81483,16,10,18,18,24.83,57.309998,42,32
43.3141,0.0001,61.58098,8.809165,14,8,18,18,21.15,40.769997,33,32
61.58098,8.809165,45.65045,26.430807,8,8,18,18,32.85,50.489998,40,32
45.16081,0.0001,72.783554,0.0001001358,17,14,18,18,58.5,82.159996,49,32
16.582035,0.0089,11.565596,0.0089,17,9,18,18,20,43,35,28
64.35256,0.0089,60.28974,0.0089,2,3,18,18,8,16,23,28
74.38467,1.8132889,101.67894,-1.4615049,53,10,18,18,3,21,30,28
69.20296,1.935288,90.970505,3.9106622,53,10,18,18,0,16.92,28,28
55.810406,0.0089,81.510826,7.3207116,17,14,18,18,51.15,73.9,36,28
-1.5112247,1.8142084,31.628582,-1.6312672,53,14,18,18,29,45.22,31,32
31.097895,0.0001,1.4367837,4.569712,17,8,18,18,67.44,88.14,45,32
-34.078953,18.503544,-37.594616,24.683907,55,8,18,18,11.83,28.06,38,32
-37.594616,24.683907,-32.299828,36.20109,8,16,18,18,15.71,41.059998,49,32
-32.299828,36.20109,-28.14899,24.323944,16,14,18,18,28.06,49.699997,52,32
-19.971931,-0.7859318,-3.2143857,8.886616,8,8,18,18,22,37.66,39,32
-3.5497267,0.0001,-4.4491177,19.386316,14,15,18,18,42.89,65.89,45,32
47.90326,0.0001,86.97645,9.857286,17,17,18,18,86.19,111.020004,53,32
37.300003,27.2001,31.042679,27.2001,2,3,18,18,0,8,23,31
80.77473,5.059644,95.365585,1.8502741,2,3,18,18,100.97,110.97,23,31
33.378662,0.0001,39.957855,0.0001,2,3,18,18,15,23,23,31
59.48027,1.9805205,82.10724,5.4688096,53,10,18,18,11.83,29.55,28,31
63.488575,0.0001,62.62742,11.417202,17,2,18,18,55.1,71.19,42,31
4.765178,2.1152573,42.091606,-0.14200556,53,6,18,18,71.19,83.83,36,31
4.864346,0.0001,1.7187123,0.0001,17,0,18,18,0,13,34,31
5.430645,18.538221,9.125914,23.064327,55,8,18,18,13,25.91,40,31
35.532486,18.833584,49.378788,26.051855,55,16,18,18,34.91,47.45,47,31
-46.841198,32.057274,-44.315964,48.199997,16,15,18,18,72.23684,92.41684,64,8
31.340069,0.0001,24.277235,0.0001,2,3,18,18,8,16,23,8
41.851093,-0.5522109,42.151093,18.487028,16,11,18,18,54.989998,82.99,50,8
47.024376,-1.6299782,25.228188,-3.1228714,13,0,18,18,0,12.36,42,8
38.777348,20.8701,32.4414,25.061625,16,8,18,18,33,53.34,32,2
49.5,25.880402,72.17497,30.494614,17,17,18,18,52.879997,73.549995,38,2
-19.835714,0.0001,-13.213545,0.0001,2,3,18,18,4,11.639999,23,3
42.184807,1.8816755,70.95368,0.92248535,53,14,18,18,20.3,32.3,30,3
89.855835,44.67411,94.179184,27.036242,16,16,18,18,54.3,76.130005,52,3
94.179184,27.036242,87.96018,32.95335,16,14,18,18,64.3,85.33,64,3
50.07356,0.0001,42.855736,0.0001,2,3,18,18,23.279999,30.599998,23,3
44.97252,18.832659,49.61631,25.190838,55,14,18,18,31.399998,43.409996,47,3
50.42598,0.0001,4.5186024,7.388605,17,20,18,18,97.95999,123.95999,61,3
-75.49626,12.540098,-82.085,-1.3358676,2,3,18,18,33.76,41.76,22,3
-12.072031,0.0089,0.67795366,4.586417,13,21,1,18,16,32.65,19,28
32.36854,0.0089,36.433598,0.0089,17,21,1,18,0,10.530001,20,28
38.649952,0.0089,30.953384,0.0089,17,21,1,18,10.530001,22.880001,28,28
12.940639,0.0089,10.112529,0.0089,17,21,1,18,22.880001,36.079998,31,28
45.900463,0.0089,52.535755,0.0089,13,21,1,18,4.15,17.2,18,28
41.996304,30.2426,34.568214,30.2426,17,21,1,18,17.2,32.39,31,28
12.551521,0.0089,16.316584,0.0089,17,21,1,18,4.3,13.059999,23,28
54.497314,0.0089,60.22584,0.8658734,13,21,1,18,13.059999,25.890001,14,28
68.5522,0.0089,70.81726,0.0089,17,21,1,18,29.69,38.08,23,28
-27.573286,0.0001,-72.62464,0.0001,21,21,1,18,60.489998,68.44,35,3
-70.57797,15.807872,-70.57797,46.79288,55,16,1,18,77.44,89.9,46,3
-31.011879,0.0001,-38.68157,0.0001,13,21,1,18,4.1,16.66,18,3
-67.767685,0.0001,-65.1006,0.0001,17,21,1,18,31.369999,40.289997,31,3
-26.99621,0.0001,-21.099636,0.0001,17,2,1,18,40.289997,52.089996,33,3
-21.099636,0.0001,-17.324093,0.0001,2,11,1,18,48.089996,70.09,25,3
20.116528,0.0001,29.59539,0.0001,13,21,1,18,0,16.46,23,3
79.099655,0.0001,82.34573,0.0001,17,21,1,18,31.619999,42.78,23,3
67.11426,-1.6713891,64.59386,0.0001,17,21,1,18,42.78,51.54,23,3
-56.80564,0.0001,-78.22397,4.1255245,6,8,1,18,64.59,80.59,46,3
28.761204,0.0001,-2.9282746,19.216345,6,21,1,18,95.59,106.92,52,3
40.31062,25.0001,41.64416,25.0001,17,21,1,18,0,7.75,17,3
41.81526,0.0001,72.59251,-5.914712,13,0,1,18,46.149998,55.269997,33,3
63.257915,15.604592,63.257915,40.76473,55,16,1,18,55.269997,67.67999,43,3
45.584217,45.11509,22.685911,56.229282,15,13,1,18,79.509995,98.46999,41,3
48.406788,23.450098,53.30188,23.450098,2,3,18,1,4,11.639999,23,8
38.51178,23.450098,31.38369,23.450098,17,21,1,18,0,15.28,29,8
46.49047,-1.518748,48.89441,-2.0195684,17,21,1,18,48.131775,57.071774,23,8
7.7659264,0.0001,16.73756,-2.8480368,13,21,1,18,0,16.25,22,8
12.801485,0.0001,5.0733833,0.0001,17,21,1,18,32.71,48.15,30,8
16.244333,0.0001,15.18816,8.263477,13,21,1,18,0,16.16,18,8
-6.852555,0.0001,-23.971226,-4.9253063,13,12,1,18,16.16,41.6,27,8
-47.73684,-1.778408,-49.954277,-2.2403743,17,8,1,18,15,30.74,25,8
-31.797714,23.450098,-22.888132,71.54712,16,14,1,18,30.74,54.57,52,8
-28.838572,39.58841,-33.16194,74.85722,9,14,1,18,53.649998,70.09,50,2
8.2207575,42.7501,9.152276,42.7501,17,21,1,18,81.49,93.99,41,2
19.00418,0.002875,37.04697,9.691591,13,21,1,18,34.588753,51.388752,19,2
48.490345,22.863514,38.4311,21.199501,17,21,1,18,56.388752,77.63876,46,2
5.2948074,0.002875,1.5297444,0.002875,17,21,1,18,77.63876,86.29876,23,2
-38.852398,3.2033446,-35.08734,1.5533448,17,21,1,18,3.4,12.21,22,2
13.793934,0.002875,41.11233,19.8751,6,13,1,18,83.810005,101.850006,49,2
58.34875,0.623875,58.70007,0.623875,2,11,1,18,15,37,24,2
58.70007,0.623875,69.11794,18.272058,11,21,1,18,19,42,59,2
47.280598,0.31509912,39.444103,25.249355,8,15,1,18,42,65.25,40,2
27.138292,19.8751,33.948627,26.05955,3,11,1,18,114.5,131.5,32,2
82.23721,0.0001,89.26233,-0.95082486,13,21,1,18,14,27.35,18,32
67.3256,0.0001,64.46053,0.0001,17,21,1,18,0,8.92,23,32
13.299616,0.0001,11.003036,0.0001,17,21,1,18,12.77,23.71,27,32
29.45622,0.0001,33.22128,0.0001,17,21,1,18,11.4,19.91,23,32
-1.9327835,0.0001,-15.100716,65.68523,16,13,1,18,50.290005,70.310005,57,31
-63.4597,25.865099,-66.35519,21.596258,16,15,1,18,6.65,32.629997,48,31
-58.470566,0.0001,-54.34247,0.0001,17,21,1,18,32.629997,46.02,36,31
15.529618,0.0001,-20.995573,-5.8679547,13,0,1,18,81.94,89.950005,31,31
55.76349,15.641552,55.464893,37.735497,55,16,1,18,59.31,71.670006,47,31
-3.7003822,15.253471,-3.475386,22.313566,55,16,1,18,17.64,30.099998,45,31
-3.475386,22.313566,5.6935496,55.885983,16,14,1,18,25.099998,48.440002,57,31
5.6935496,55.885983,23.487751,57.068542,14,2,1,18,41.93,56.690002,44,31
23.487751,57.068542,27.464373,48.362663,2,7,1,18,52.690002,65.69,26,31
47.118195,45.496067,47.023663,94.08569,8,16,22,18,74.15,92.200005,58,28
-15.585539,51.4254,18.26291,85.14584,21,15,22,18,12,34.08,61,28
38.22405,30.2426,43.135136,30.2426,17,9,22,18,34.08,58.36,29,28
43.135136,30.2426,76.99992,68.51711,9,17,22,18,45.36,68.92,59,28
-3.102193,51.4254,-4.8164024,51.4254,17,21,22,18,0,18.08,25,28
-4.8164024,51.4254,-16.6792,83.3933,21,15,22,18,10.08,33.08,63,28
-43.573864,30.142199,-34.15808,55.002586,8,16,22,18,43.520004,58.520004,41,28
-58.611694,0.0089,-31.301538,10.411144,17,14,22,18,83.9,100.37,39,28
-27.52521,0.0089,-35.65267,0.0089,17,9,22,18,11.5199995,32.17,29,28
48.20425,0.0089,57.862774,1.1822122,2,11,22,18,91.57,109.57,27,28
5.7847548,0.0001,-0.66882324,0.0001,17,21,22,18,31.140001,49.100002,24,32
-0.66882324,0.0001,-9.612162,56.90194,21,17,22,18,41.100002,58.58,57,32
45.18616,0.0001,43.348064,0.0001,17,21,22,18,0,20,25,32
43.348064,0.0001,30.865229,44.941357,21,17,22,18,12,31.04,52,32
19.415419,3.1386087,33.9079,50.24125,21,17,22,18,31.04,48.72,61,32
43.657516,0.0001,59.50491,56.373383,21,17,22,18,48.72,62.980003,62,32
59.50491,56.373383,72.60259,2.8594155,17,8,22,18,55.600002,71.98,33,32
72.60259,2.8594155,35.397285,31.538733,8,15,22,18,62.980003,86.83,55,32
6.485764,0.0001,44.450745,18.421461,17,14,22,18,89.83,109.39,47,32
-41.48588,0.0001,-71.51996,21.97342,21,21,22,18,0,14.08,64,32
68.29954,8.190102,66.738754,0.0001,2,3,18,22,0,8,23,32
-46.042828,0.0001,-33.88616,39.638023,21,17,22,18,4.41,22.77,53,32
-45.374332,0.0001,-55.578026,19.29918,8,17,22,18,44.73,64.65,47,32
39.557262,18.267124,59.630928,48.81237,16,16,12,18,39.120003,46.760002,56,2
-56.74421,0.623875,-47.446133,35.06408,8,16,12,18,47.399998,57.8,41,2
57.33938,0.623875,40.499817,63.292233,8,16,12,18,91.68,101.630005,61,2
39.040516,20.439178,54.842873,35.734257,16,16,12,18,0,6.12,55,2
54.842873,35.734257,69.52942,47.415173,16,16,12,18,3.16,8.92,57,2
69.52942,47.415173,86.191444,65.04567,16,16,12,18,6.12,11.559999,54,2
-7.5318756,0.002875,-26.638454,24.944834,16,16,12,18,33.559998,39.879997,58,2
-26.638454,24.944834,-45.96434,51.13063,16,16,12,18,36.8,42.799995,58,2
-24.028673,6.201027,-24.07889,33.031498,55,16,12,18,57.319996,70.83999,53,2
50.129375,-8.673142,61.64569,4.895852,56,11,12,18,123.14999,150.15,51,2
-27.553532,27.2001,-21.934763,37.6341,8,16,12,18,19.68,30.12,36,31
-21.934763,37.6341,-37.45217,71.80079,16,16,12,18,26.68,33.28,49,31
-64.01819,0.0001,-43.453396,35.353004,16,13,12,18,40.92,56.239998,52,31
-59.970562,0.0001,-72.02095,-2.7801592,14,2,12,18,56.239998,62.059998,27,31
-77.64461,4.168377,-64.20022,51.658028,8,16,12,18,74.52,85.28,53,31
-52.574635,27.2001,-29.425577,62.659874,16,16,12,18,60.28,66.28,59,31
-50.9648,10.440097,-45.004658,0.0001,2,3,18,12,4,11.639999,23,31
3.566822,0.0001,-43.433002,0.0001001358,13,13,12,18,46.289993,60.929993,40,31
-38.200005,27.2001,-34.168007,27.2001,2,3,18,12,0,8,23,31
-31.219263,27.2001,-26.651663,27.2001,2,3,18,12,8,15.360001,23,31
-50.01943,23.450098,-69.02036,50.638123,16,16,12,18,25,32.12,54,8
-46.901226,4.996052,-35.78887,27.91322,55,16,12,18,34.12,47.48,50,8
33.4512,23.450098,49.8625,41.800686,16,15,12,18,0,15.360001,53,8
35.17502,23.450098,76.79072,32.220802,16,13,12,18,19,33.84,34,8
98.6034,11.698559,78.5264,44.28904,16,20,12,18,33.84,40.08,52,8
-31.129036,23.450098,-48.12824,41.192657,16,16,12,18,13.440001,19.720001,57,8
-30.810354,38.61008,-9.740352,70.181564,16,16,12,18,51.12,57.68,59,8
76.95882,1.9719287,127.383965,-3.7429266,54,20,12,18,28,40,37,28
31.554302,25.457602,53.60482,60.614185,16,16,12,18,59.64,66.16,59,28
15.178651,0.0089,36.083355,0.0089,13,13,12,18,4,26.92,30,28
67.15387,33.92389,84.001915,52.551414,16,16,12,18,4,10.96,54,28
-0.28662255,-8.667118,-8.126606,0.008900166,56,8,12,18,51.56,68.56,48,28
35.95791,0.0089,-34.930347,59.3767,13,16,12,18,95.96,111.24,59,28
45.557953,30.2426,57.47796,33.80317,16,16,12,18,0,7.16,62,28
57.47796,33.80317,74.240074,51.94336,16,15,12,18,3.72,16.16,54,28
49.38192,34.797424,68.45513,64.2354,16,16,12,18,25.56,31.679998,52,28
60.464096,23.850082,45.54081,50.553967,16,16,23,18,18.24,25.88,53,3
21.401468,28.380016,41.79713,57.024513,16,16,23,18,32.9,39.420002,55,3
41.79713,57.024513,27.510174,85.4319,16,16,23,18,36.300003,42.300003,56,3
27.510174,85.4319,8.539658,125.79402,16,21,23,18,39.420002,46.300003,45,3
3.170829,42.7501,5.9208317,37.87412,16,15,15,18,24.82,48.1,49,2
-2.8620424,0.002875,-7.3995414,0.002875,2,3,18,15,6,14,23,2
-24.049616,0.002875,-17.485554,0.002875,2,0,15,18,66.96,69.96,26,2
36.276848,27.2001,29.935192,44.511894,8,21,15,18,21,58,37,31
-7.8447723,0.0001,-1.8275181,0.0001001358,15,13,15,18,20.880001,41.4,34,31
40.80168,23.450098,42.01168,29.688166,16,16,15,18,39.58736,62.507362,55,8
42.01168,29.688166,43.008923,43.808235,16,15,15,18,51.58736,74.50736,60,8
47.75352,-1.7818835,47.75352,-1.7818835,20,17,15,18,0,2,44,8
26.23773,0.0001,31.919212,7.4036045,8,21,15,18,12,49,38,32
73.95872,0.0001,81.32864,0.0001,2,3,18,15,22.64,30.64,23,3
1.0604455,0.0089,22.594004,4.1294427,8,15,15,18,21.629997,42.39,46,28
25.383593,0.0089,34.959507,2.704339,2,3,18,15,12,20,23,28
84.784485,-4.4722314,76.332954,17.513672,8,8,15,18,33.26,42.26,44,28
-30.691135,-8.437857,-11.718024,14.522323,56,13,15,18,0,17.19,112,28
8.826726,0.0089,16.956013,0.0089,2,3,18,15,20,28,23,28
8.026486,0.0089,0.6325754,12.586513,8,21,15,18,26.47,63.47,45,28
-51.89735,27.2001,-58.708565,38.455143,8,21,15,18,22.339998,58.53,41,31
30.206078,60.104362,33.28108,56.842834,59,16,3,18,14,33.88,50,8
33.28108,56.842834,34.491077,52.518524,16,16,3,18,21,45.64,48,8
34.491077,52.518524,25.3642,37.341255,16,15,3,18,33.88,54.64,61,8
26.406757,26.611954,27.887465,30.911844,55,16,3,18,57.64,78.68,50,8
57.009167,36.0501,57.45599,23.450098,2,3,18,3,4,12,22,8
50.49192,23.450098,50.158558,32.168633,16,16,3,18,29.2,50.620003,44,8
50.158558,32.168633,48.64199,34.7528,16,16,3,18,40.260002,60.420002,57,8
48.64199,34.7528,48.383865,53.213146,16,16,3,18,50.620003,69.8,57,8
48.934406,23.450098,48.934406,45.6398,16,16,3,18,38.86,63.219997,45,8
32.825058,81.33139,33.43687,93.46458,59,18,3,18,63.219997,97.079994,49,8
49.520973,46.111168,49.371674,59.722332,59,13,3,18,25.26,43.28,41,8
56.0559,21.381395,54.140274,44.673187,59,16,3,18,52.05,78.79,63,8
34.85676,25.0001,34.85676,41.028095,16,16,3,18,30,54.359997,42,3
-37.894928,60.46982,-26.276653,78.80451,59,16,3,18,83.2,101.67999,48,3
21.52457,12.100097,27.305859,0.0001,2,3,18,3,4,11.639999,23,3
42.702213,25.0001,42.702213,42.066387,17,11,3,18,51.76,82.08,51,3
36.930046,47.503532,28.407509,60.462452,59,16,3,18,0,21,37,3
28.293243,51.230404,47.27336,47.561253,16,16,3,18,21,45.359997,46,3
47.27336,47.561253,49.44936,53.230747,16,16,3,18,33.739998,55.999996,50,3
49.44936,53.230747,48.431374,52.025627,16,16,3,18,45.359997,65.799995,64,3
32.578106,25.0001,32.578106,59.13505,17,16,3,18,65.799995,91.6,58,3
51.192978,23.1256,53.942978,38.66765,59,14,3,18,106.32,129.25,55,3
-29.949741,47.522194,-29.999508,58.2707,59,16,3,18,0,19.53,39,3
-29.999508,58.2707,-37.011467,39.55229,16,16,3,18,6.51,43.89,88,3
-37.011467,39.55229,-37.061234,54.84815,16,16,3,18,31.710001,55.23,43,3
-37.061234,54.84815,-37.479126,73.25207,16,16,3,18,43.89,65.729996,51,3
-76.80383,23.148281,-76.15884,42.94874,59,18,3,18,110.409996,144.34,53,3
3.8740053,42.7501,8.423072,42.7501,2,3,18,3,0,8,23,2
-28.039215,60.269188,-27.164217,61.641323,59,16,3,18,43,63.58,52,2
-34.61596,16.1251,-35.461742,55.846233,16,16,3,18,63.58,87.94,63,2
-59.624718,23.39668,-49.164837,41.92965,59,16,3,18,48.789997,69.78999,41,2
-14.832088,26.878136,-24.07002,35.457695,55,15,3,18,82.52999,99.62999,56,2
49.03468,30.2426,52.795223,29.268293,16,16,3,18,26.74,49,48,28
52.795223,29.268293,52.297565,43.619656,16,16,3,18,38.36,58.8,48,28
52.297565,43.619656,51.99897,68.65892,16,16,3,18,49,67.9,51,28
-43.545013,0.0089,-43.545013,64.16985,17,16,3,18,136.1,161.56001,73,28
68.20998,0.0089,62.314514,-2.815518,17,0,3,18,11.96,25.4,36,28
35.78617,59.931084,42.91892,55.834854,59,16,3,18,39.4,59.84,54,28
59.37061,30.2426,57.131153,35.061855,16,16,3,18,34.83,58.77,53,28
51.925095,30.2426,55.095104,27.487007,16,16,3,18,26.74,49,49,28
-49.581753,0.0001,-49.581753,22.262861,17,13,2,18,31.32,51.47,40,32
-35.045116,0.0001,-35.045116,26.943098,17,16,2,18,51.47,78.19,57,32
-80.26506,2.7003322,-105.25186,7.544445,56,14,2,18,81.19,94.130005,43,32
-67.17874,1.243475,-79.73554,50.2383,55,16,2,18,120.130005,139.13,63,32
-40.594135,0.0001,-39.994137,0.0001,17,0,2,18,0,15.36,35,32
-14.88855,0.0001,-14.88855,36.659782,17,14,2,18,64.9,98.9,70,32
-49.85056,0.0001,-47.750565,0.0001,17,0,2,18,0,14.72,33,32
54.906147,0.0001,54.906147,38.027973,17,13,2,18,50.46,70.86,44,32
38.54213,0.0001,39.04213,57.074577,19,17,2,18,84.23,105.32001,63,32
-60.016846,0.0001,-60.016846,0.0001,17,0,2,18,0,14.72,36,32
-70.910255,0.0001,-35.298332,10.278172,17,15,2,18,38.64,66.340004,51,32
8.023638,0.0001,15.257566,-1.6257766,17,0,2,18,16,30.56,41,32
21.032667,0.0001,21.032667,18.695723,17,16,2,18,37.559998,64.159996,46,32
67.37936,1.243475,60.377678,15.428997,55,13,2,18,31,43.7,51,32
60.377678,15.428997,13.4382515,17.470236,13,16,2,18,38,62.79,55,32
13.4382515,17.470236,-34.67215,20.355635,16,13,2,18,49.79,68.130005,39,32
-25.283789,0.0001,-26.592434,2.7467842,2,3,2,18,96.920006,101.920006,12,32
-26.592434,2.7467842,-27.810066,5.827313,3,4,2,18,98.920006,109.920006,12,32
10.070449,54.4001,10.070449,62.639286,17,13,2,18,23,43.24,42,31
-4.1217303,54.4001,-9.227026,54.4001,2,3,18,2,8,18,24,31
33.572933,27.2001,32.26429,29.946787,2,3,2,18,18.130001,23.130001,12,31
33.472607,27.2001,33.472607,31.848202,17,13,2,18,23.130001,43.010002,44,31
-46.592857,27.2001,-46.592857,86.95731,17,17,2,18,77.45,102.89,67,31
-22.26377,34.320087,-0.115254164,20.790085,13,16,2,18,0,20,33,31
23.922522,-1.3552413,30.351234,27.547731,19,13,2,18,26.44,38.600002,45,31
57.561253,9.4501,52.38724,0.0001,2,3,18,2,0,8,23,31
47.553707,0.0001,42.47015,0.0001,2,3,18,2,8,15.360001,23,31
30.364796,0.0001,76.71051,25.713402,17,14,2,18,55.13,88.17,60,31
28.328737,37.090076,38.29406,31.104904,1,15,20,18,0,18.074,43,3
62.52418,0.0001,86.7842,13.487699,13,13,20,18,45.073997,66.434,40,3
69.3973,13.298628,46.454433,52.515446,16,16,20,18,66.434,95.084,60,3
57.81104,0.0001,88.14595,33.005386,9,14,20,18,151.632,172.552,65,3
-78.973434,3.7365477,-78.65833,18.639355,1,17,20,18,187.832,203.832,26,3
73.134094,-9.389799,70.52945,0.9189904,56,8,20,18,25,39,39,3
70.52945,0.9189904,74.73476,4.973839,8,8,20,18,31,46.28,38,3
53.80858,24.570099,61.81643,26.862837,14,16,20,18,65.28,88.28,30,3
11.432897,9.899729,16.02872,4.616088,16,15,20,18,25.880001,46.38,46,3
25.964916,0.0001,12.731062,17.017406,9,13,20,18,46.38,67.9,37,3
75.744415,-9.389799,73.588356,9.32276,56,16,20,18,91.88,112.43,43,3
29.720028,30.617859,20.258833,31.80477,16,15,20,18,39.719997,58.719997,45,2
11.570325,42.7501,27.138134,25.157139,16,8,20,18,38.85,58.85,61,2
27.138134,25.157139,20.929665,45.595932,8,16,20,18,50.85,70.55,40,2
4.3013577,0.002875,-13.795307,19.282867,9,15,20,18,79.310005,96.310005,46,2
-61.45428,0.623875,-66.876724,-5.4415846,14,8,20,18,60.32,75.32,31,2
-66.876724,-5.4415846,-75.68427,22.633074,8,16,20,18,67.32,90.32,51,2
64.10535,-8.766026,61.749527,13.209912,56,13,20,18,105.979996,120.38,43,2
41.534336,30.2426,66.01903,26.262194,15,12,20,18,67.119995,85.909996,29,28
16.099934,-9.381,13.495289,2.38308,56,8,20,18,32.4,46.4,39,28
13.495289,2.38308,18.518456,11.879547,8,16,20,18,38.4,61.25,39,28
18.518456,11.879547,33.248116,25.093126,16,15,20,18,46.4,68.18,54,28
-18.002691,53.332195,-26.526638,33.71127,19,13,20,18,93.01,108.01,50,28
-61.3929,30.142199,-13.465075,34.55813,15,6,20,18,59.28,83.65,49,28
66.47078,54.941154,67.14035,27.888176,18,12,20,18,148.49026,169.49026,57,28
-0.51622486,-9.381,-2.9715717,1.9638946,56,8,20,18,14.608001,28.608002,37,28
-64.77549,0.0089,-79.00132,14.92682,9,13,20,18,50.888,72.888,40,28
-9.452977,53.645092,-9.452977,53.645092,14,14,10,18,0,19.189999,5,8
-39.32532,23.450098,-38.484737,25.674587,16,16,10,18,33.89,51.079998,6,8
-51.429676,23.450098,-53.856697,29.863277,14,14,10,18,68.08,84.1,6,8
-58.795807,23.450098,-53.17376,25.481594,14,14,10,18,32,52.01,5,8
-51.791046,23.450098,-52.915546,26.454641,16,16,10,18,57.769997,74.96,6,8
-45.109406,-1.231026,-45.109406,-1.231026,13,13,10,18,97.83,113.83,1,8
-41.0056,23.450098,-39.948273,26.100082,16,16,10,18,8.91,24.929998,6,8
-30.03636,23.450098,-30.03636,23.450098,15,15,10,18,24.929998,47.85,6,8
12.998493,42.770077,12.998493,39.305813,14,14,10,18,47.85,67.84,6,8
43.297153,23.450098,44.582973,24.6068,15,15,10,18,0,19.2,6,8
60.53292,24.815493,55.381298,33.166344,15,15,10,18,19.2,36,5,8
4.1014786,0.0001,6.848857,7.29346,14,14,10,18,79.62,95.520004,6,8
59.87491,40.55182,60.289642,32.133186,14,14,10,18,95.520004,109.72,6,8
33.38227,41.990097,33.38227,41.990097,10,10,10,18,0,26.74,6,8
55.68268,-1.067933,53.366592,-5.9686775,56,0,10,18,35.739998,41.199997,1,8
9.955101,0.0001,11.528395,0.7233938,2,2,10,18,14.7,18.52,6,8
27.582287,0.0001,14.059388,-4.6124225,19,0,10,18,24.1,33.56,52,8
-13.245668,42.0001,-15.379123,47.606716,14,14,10,18,44.56,64.57,7,8
-37.814873,23.450098,-37.814873,23.450098,13,13,10,18,64.57,79.85,4,8
-63.520645,27.540674,-63.520645,27.540674,15,15,10,18,79.85,100.86,4,8
-6.350971,2.2876983,-15.641619,-4.5361667,56,0,10,18,11.76,17.28,37,3
-35.056988,25.0001,-37.17508,30.564505,14,14,10,18,49.379997,68.39,7,3
-27.009773,39.525085,-25.037819,41.41204,13,13,10,18,68.39,83.11,5,3
44.887115,0.0001,51.41183,0.0001,2,3,18,10,13.52,21.52,23,3
53.13165,24.570099,53.13165,24.570099,10,10,10,18,25.009998,50.21,6,3
116.29674,0.19518805,116.29674,0.19518805,18,18,10,18,50.21,57.85,3,3
34.685158,25.0001,34.685158,25.0001,16,16,10,18,9,26.189999,4,3
31.507507,0.0001,31.507507,0.0001,14,14,10,18,34.649998,52.839996,5,3
31.507507,0.0001,57.895977,18.172369,14,15,10,18,44.649998,63.839996,44,3
57.895977,18.172369,56.006973,24.574965,15,15,10,18,52.839996,73.85,6,3
-20.52625,2.7700372,-21.895842,1.3667736,56,2,10,18,83.43,90.71,47,3
-21.895842,1.3667736,-24.537899,3.4988317,2,2,10,18,88.83,92.43,5,3
-24.537899,3.4988317,-12.807838,0.000100016594,2,2,10,18,90.71,95.25,118,3
-82.82126,0.0001,-88.42314,5.154776,7,7,10,18,110.25,125.53,6,3
31.478401,25.0001,36.65025,28.183506,16,16,10,18,0,17.189999,6,3
43.693172,25.0001,67.896355,0.00010000169,13,13,10,18,17.189999,25.779999,102,3
67.896355,0.00010000169,67.896355,0.00010000169,13,13,10,18,24.789999,27.779999,13,3
64.831245,2.5893931,60.936104,6.2295337,13,13,10,18,68.54,82.54,6,3
4.9577527,0.0001,0.35238862,4.350464,13,13,10,18,91.39001,104.19,6,3
-33.227734,25.0001,-33.227734,25.0001,13,13,10,18,109.770004,121.770004,1,3
58.86382,0.0089,-7.1152115,0.008900046,51,51,10,18,22.009998,31.009998,109,28
-7.1152115,0.008900046,-7.1152115,0.008900046,51,51,10,18,28.009998,33.739998,28,28
46.32827,0.0089,41.657433,9.195278,15,15,10,18,40.739998,60.899994,6,28
69.24336,0.0089,72.534904,5.252474,17,17,10,18,60.899994,78.09,6,28
75.624466,9.7089,76.41865,0.8627118,2,3,18,10,4,12,20,28
57.37626,30.2426,58.53625,33.34465,16,16,10,18,60.960003,78.15001,6,28
8.486054,51.4254,8.486054,51.4254,15,15,10,18,85.62001,107.280014,5,28
18.914413,2.282432,21.770641,-4.5273666,56,0,10,18,9,14.46,36,28
-56.291748,46.869026,-56.291748,46.869026,11,11,10,18,35.440002,56.45,5,28
-20.69754,2.27693,-11.816767,-4.5273666,56,0,10,18,8.28,13.92,34,28
12.914702,2.5650423,19.260529,-4.5273666,56,0,10,18,51.18,56.760002,41,28
-58.675793,-1.7257757,-63.34551,-4.5273666,53,0,10,18,88.75,99.75,10,28
-62.798794,0.008900046,-63.205765,0.008900046,53,10,10,18,102.45,109.96999,8,28
-67.382744,12.599437,-67.382744,12.599437,15,15,10,18,120.30999,143.23,6,28
75.72237,0.0001,75.72237,0.0001,15,15,10,18,35.22,58.14,6,32
118.00772,-4.0834556,118.00772,-7.872108,14,14,10,18,58.14,78.24,6,32
18.105196,2.2168686,20.964577,-4.536167,56,0,10,18,0,6,36,32
24.050177,2.3637948,27.346188,-4.536167,56,0,10,18,25.46,30.68,38,32
24.046331,2.3943307,27.014725,-4.536167,56,0,10,18,30.68,35.48,1,32
-28.81017,2.6264315,-19.921835,-4.612422,56,0,10,18,65.520004,70.380005,41,32
-55.41255,2.8912258,-58.24008,-4.536167,56,0,10,18,101.670006,107.130005,49,32
-54.86105,2.9078834,-43.658997,-4.5361676,56,0,10,18,107.130005,112.23,50,32
-47.027786,2.941043,-43.658997,-4.536167,56,0,10,18,112.23,117.03001,54,32
-47.031734,2.9723787,-43.659,-4.5361676,56,0,10,18,117.03001,121.53001,53,32
-47.034847,2.997048,-43.659004,-4.536167,56,0,10,18,121.53001,125.73,55,32
-47.03796,3.0217166,-55.287777,-4.5361676,56,0,10,18,125.73,129.63,55,32
-53.95884,0.0001,-65.34925,0.0001,2,3,18,10,6,14,23,32
-52.85862,-1.7345753,-58.244713,-4.5361676,53,0,10,18,2.76,13.76,10,32
-7.042653,0.0001,7.2558737,0.000099897385,17,17,10,18,20.76,37.95,25,32
55.03299,2.5523512,57.873734,-4.536167,56,0,10,18,50.95,56.95,42,32
54.551468,2.5720787,64.15198,0.4363718,56,0,10,18,56.95,62.41,46,32
43.904797,2.290675,46.760075,-4.5361667,56,0,10,18,11,17,37,32
43.470585,2.312057,46.76008,-4.536167,56,0,10,18,17,22.46,39,32
35.576923,15.516758,75.968796,38.97713,56,13,10,18,27.439999,46.44,62,32
63.135666,0.0001,65.33201,2.0360854,15,15,10,18,46.44,68.36,6,32
71.8782,2.6896305,81.20425,-4.612422,56,0,10,18,71.3,76.76,44,32
117.1426,4.78406,118.573715,8.63101,14,14,10,18,92.86,111.87,6,32
80.04312,0.0001001358,75.91812,4.2993126,12,12,10,18,125.87,148.79,3,32
16.747734,60.62509,17.957012,61.74937,15,15,10,18,0,21.009998,6,31
7.0195584,54.4001,-4.3911576,73.91002,11,15,10,18,21.009998,42.21,56,31
-49.051483,7.640101,-49.993584,28.330505,8,15,10,18,60.57,83.49001,83,31
36.220757,0.0001,42.562275,0.0001,2,3,18,10,11,19,23,31
-48.418118,27.2001,-49.104916,29.002058,16,16,10,18,20,37.19,6,31
-41.902256,46.49683,-40.18009,50.973442,16,16,10,18,37.19,51.5,6,31
-31.949219,27.2001,-29.658918,33.237648,14,14,10,18,60.5,76.990005,6,31
-44.843082,11.275102,-44.843082,11.275102,15,15,10,18,122.37001,145.29001,6,31
58.803448,2.4315774,66.97956,-4.536167,56,0,10,18,32,38,41,31
63.67242,2.4520688,70.6762,-4.612422,56,0,10,18,38,43.46,42,31
67.24986,2.4822047,70.23659,-4.536168,56,0,10,18,43.46,48.44,1,31
13.114122,42.0001,20.544352,63.03665,16,15,1,18,18,43.11,57,8
33.744576,32.458824,25.402866,55.599945,8,17,1,18,43.11,55.11,43,8
17.559103,50.524345,28.336388,92.438385,8,15,1,18,59.66,81.44,44,8
51.374416,12.694519,51.2977,27.285585,55,16,1,18,25.8,38.059998,42,8
17.750381,0.0001,20.996456,0.0001,17,21,1,18,70.31999,81.46999,25,8
3.8851318,0.0001,46.659748,-1.5540141,21,0,1,18,81.46999,85.66999,33,8
29.37739,15.854742,16.025505,50.368973,55,16,1,18,85.66999,96.30999,45,8
-32.002842,0.0001,-48.23331,4.1136804,13,21,1,18,21.33,36.85,21,8
23.273607,15.432139,33.959713,30.941877,55,16,1,18,39.73,52.14,45,8
33.959713,30.941877,48.235394,98.00096,16,16,1,18,47.19,75.8,68,8
-21.424028,15.206163,-21.558327,26.126379,55,16,1,18,12,23.39,41,8
-21.558327,26.126379,-14.594409,47.385742,16,16,1,18,19.039999,37.79,55,8
-14.594409,47.385742,-4.9351745,91.29069,16,16,1,18,33.79,51.11,55,8
54.18918,38.620308,54.092804,49.476208,55,13,1,18,8,27.46,40,8
0.9908854,57.45384,30.912554,67.96949,55,16,1,18,54.04,63.579998,53,8
-39.510612,-0.064610854,-37.40688,0.0001,2,3,1,18,37.82,45.82,23,8
49.755737,21.347383,43.82598,29.983902,55,16,18,1,78.38485,92.38485,42,8
-34.8535,23.450098,-40.118553,23.450098,17,21,1,18,53.879997,63.609997,22,8
6.1437387,15.881792,6.1437387,51.216255,55,16,1,18,85.68,98.14,45,8
34.488987,0.0001,35.030003,11.538334,13,21,1,18,32.21,45.23,14,8
-28.955765,22.405428,-34.236183,32.6518,55,16,18,1,72.67999,85.67999,37,2
-27.805113,46.390045,-33.89257,63.63553,55,16,18,1,88.229996,101.25,41,2
11.625764,15.533448,11.625764,38.662254,55,16,1,18,47.16,59.62,42,2
45.23992,16.022429,45.23992,54.009567,55,16,1,18,100.579994,112.58,49,2
-5.4832363,42.7501,2.7822776,80.60931,16,16,1,18,27.919998,49.3,46,2
2.9206235,4.717875,-29.834589,5.2653613,17,21,1,18,28,44.75,177,2
35.095264,15.724712,35.095264,47.003193,55,16,1,18,68.65,81.11,42,32
60.331223,15.142628,34.32863,21.323261,55,15,1,18,21.96,38.879997,44,32
4.8453875,15.908033,4.8453875,52.423355,55,16,1,18,88.13,100.009995,45,32
19.372875,21.755634,-9.21355,13.284255,55,10,18,1,45.19,62.949997,35,32
-21.04795,15.344394,-21.04795,31.932053,55,16,1,18,27,38.690002,41,32
-21.04795,31.932053,-32.040356,70.282486,16,16,1,18,33.940002,61.309998,62,32
-51.650055,15.8533325,-51.650055,46.821392,55,16,1,18,82.079994,93.83,48,32
-7.13558,0.0001,-10.961163,0.0001,17,21,1,10,0,11.55,29,3
-24.939354,25.0001,-24.884579,54.504494,16,16,1,10,26.55,44.1,66,3
-29.325748,7.0200996,-29.325748,7.0200996,10,10,10,1,35,61.739998,13,3
-153.33818,-111.999954,-5.362339,0.0001,56,17,10,1,0,18,358,3
25.683067,0.0001,27.162241,0.0001,13,13,1,10,124.48,30.99,2461,3
27.162241,0.0001,27.162241,0.0001,13,13,1,10,30.99,30.99,6,3
-176.23047,-30.060225,24.044956,0.000100016594,10,12,10,1,0,22.529999,1400,8
-23.146671,0.0001,-23.146671,0.0001,10,10,10,1,64.68,91.28,14,8
33.175808,15.744099,8.332052,32.29278,13,15,1,15,34.37,59.449997,53,32
-68.905876,20.396824,18.44675,72.34919,55,16,1,15,59.449997,83.07001,431,32
30.777634,6.299665,30.777634,23.407495,55,21,15,1,39.47,78.47,69,32
-11.659193,13.404715,-3.220537,59.22602,6,16,1,15,75.81999,87.619995,126,32
26.856476,12.305933,-10.801846,42.56267,2,16,1,15,32.53,50.53,110,32
13.964636,0.0001,17.056667,1.7753892,2,3,1,15,27,35,19,31
23.17162,14.706083,3.9149826,4.9617043,13,21,1,15,0,14,42,31
3.3260243,1.6001,5.34011,0.0001,17,21,1,15,0,10.33,24,31
-3.424487,0.0001,-8.653179,2.16939,13,21,1,15,10.33,22.73,15,31
11.22792,8.640093,-25.120213,32.249287,6,15,1,15,59.37,80.46999,65,31
36.840355,16.116962,36.427105,53.547855,55,16,1,9,48.47,58.27,63,28
49.33875,2.2089,41.8965,0.0089,15,21,1,9,0,12.200001,35,28
41.8965,0.0089,13.635962,0.0089,21,0,1,9,12.200001,12.200001,44,28
41.8965,0.0089,11.172574,68.8555,21,15,1,9,12.200001,41.53,190,28
-3.404729,57.220276,-16.487055,86.96284,8,15,1,9,41.53,62.98,56,28
14.463498,18.3251,11.157095,4.756004,15,21,1,9,0,14,27,2
-2.7351947,4.322875,43.72897,0.002875,17,21,1,9,5,19.529999,74,2
-32.456505,130.52594,-4.312122,0.002875,16,21,1,9,61.28,9.73,671,2
-4.312122,0.002875,49.94643,0.002875,21,21,1,9,4.73,18.429998,93,2
-21.484888,2.2001,40.81796,0.0001,18,21,1,9,3,20.83,355,3
69.93182,16.254686,35.42852,60.289894,55,16,1,9,79.39001,90.03001,65,3
-22.142385,8.4001,28.13777,2.5196524,18,21,1,9,5.01,34.109997,859,3
-13.743024,68.31219,-39.37655,55.688656,13,16,18,2,0,26.099998,42,28
13.433914,0.0001,9.614,3.1345403,2,3,2,18,0,5,11,3
-34.342094,13.575096,-34.39097,39.819996,19,14,2,18,27.38,49.679996,48,3
52.232723,3.6701,-7.052706,35.62607,8,14,18,2,88.6,110.6,59,3
25.011276,25.0001,19.529036,14.261422,16,8,18,2,25.38,43.479996,32,3
-43.371597,0.0001,-8.11876,1.8682878,6,8,18,2,59.439995,81.23999,45,3
-8.11876,1.8682878,-42.087444,29.921555,8,16,18,2,70.439995,90.23999,52,3
10.922861,0.0001,34.41007,0.0001001358,13,9,18,2,0,18.3,26,3
15.470671,0.0001,-13.174308,8.474071,19,14,2,18,16,41,52,3
72.711464,0.0001,74.42938,0.0001,3,0,2,18,79.28,82.28,25,3
31.817719,19.832743,15.167239,2.0402298,55,8,18,22,26.64,38.92,36,31
27.263752,27.2001,39.817593,40.645626,8,16,18,22,51.92,74.2,53,31
39.817593,40.645626,44.91169,27.710054,16,20,18,22,62.239998,87.2,50,31
-6.7683663,20.300106,-6.7683663,2.3110294,16,2,18,22,0,16.09,30,31
1.8834078,20.399286,6.8102236,17.3085,55,8,18,22,56.69,70.69,40,31
18.060581,0.0001,64.80757,9.466503,6,14,18,22,93.950005,117.69,53,31
-30.521084,0.008900166,-42.289463,32.034668,21,15,22,18,0,16.44,58,28
-52.22239,2.0169675,-73.16075,-5.673543,53,9,18,22,34.9,47.9,22,28
68.99722,0.0089,83.60473,57.86567,21,17,22,18,43.401314,63.401314,52,28
-28.972963,19.828201,49.63867,-2.1073105,55,0,18,22,27.960001,34.2,730,32
37.853462,19.830498,-0.62284374,-2.1073098,55,0,18,22,34.2,37,43,32
9.31617,19.97168,-29.161116,2.6100159,55,10,18,22,37,56.16,143,32
11.608423,0.9400997,-8.588415,3.1178432,13,8,18,22,76.16,31,2965,32
-8.588415,3.1178432,-1.5833822,11.261772,8,8,18,22,22,48,876,32
24.5747,0.0001,33.50186,0.0001,18,21,22,18,5.2200003,17.6,51,3
33.50186,0.0001,51.14334,25.42986,21,21,22,18,9.6,36.96,122,3
-23.977829,23.980099,-67.78529,20.621717,8,14,18,22,48.190002,84.03,153,3
51.14334,25.42986,38.623283,7.553993,21,6,22,18,29.6,74.78999,2652,3
-22.80487,20.529987,-28.082317,22.538315,55,16,18,22,64.2,76.119995,66,3
31.060411,20.488373,73.5363,6.9923134,55,14,18,22,76.119995,92.799995,66,3
73.5363,6.9923134,87.17183,19.754227,14,8,18,22,79.799995,101.53,77,3
-44.508102,0.0001,50.5271,54.12621,8,16,18,22,114.49,135.69,106,3
28.040035,0.7274592,-0.21854979,0.0001,2,21,22,18,17,48,210,3
24.955666,1.9075142,-18.010422,12.719407,53,8,18,22,13,41.96,688,2
-46.311462,2.1240363,-67.06727,5.895017,56,6,2,18,0,17,30,28
45.745853,1.2522745,26.31324,21.649137,55,15,2,18,42,63,49,28
-29.473745,0.0089,-28.187353,2.759476,2,3,2,18,63,68,12,28
-61.3929,0.0089,-91.32432,3.7112336,13,10,18,2,45.699997,69.7,31,28
-40.733456,0.0089,4.6253023,19.241158,6,15,18,2,92.74,117.74,53,28
-65.961105,2.0428824,-90.47243,-10.482415,53,9,18,2,30.79,43.79,29,28
21.996683,18.325573,16.145573,10.744671,55,8,18,18,0,14,43,3
5.957574,1.6882478,35.34928,0.0001,53,0,18,18,0,4,31,3
-3.2363958,18.521864,-2.3050783,15.772993,55,8,18,18,12,25,44,3
-59.589333,18.942581,-48.817066,25.0001,55,8,18,18,38,53.81,55,3
79.68753,0.0001,82.733246,24.527933,8,14,18,18,35.3,53.5,44,3
11.150015,0.0001,0.28695005,2.6176753,14,8,18,18,0,22.92,31,3
38.271595,25.0001,67.52918,33.770126,13,16,18,18,31.11,50.11,42,3
-10.669331,1.7344575,19.528282,-2.6545339,53,0,18,18,10,14,31,2
-37.940437,29.96153,-45.218185,51.474926,14,14,18,18,46.93,69.03,43,2
-40.88772,0.002875,-45.408318,0.90014255,14,2,18,18,0,17,33,2
-77.019615,34.763866,-94.629005,32.938435,19,17,18,18,79.78999,92.78999,32,2
-29.387259,8.937771,-62.527065,5.4922957,53,10,18,18,29.099998,53.1,31,2
-58.971134,30.142199,-25.577837,33.89953,8,16,18,2,37,60.96,47,28
-8.573644,66.37013,35.395187,57.206955,55,15,18,2,74.88,91.88,53,28
